artist_id,main_genre
759491,Pop/Rock
25462,Electronic
66915,Pop/Rock
71209,Pop/Rock
91438,Pop/Rock
113823,Pop/Rock
132710,Pop/Rock
208582,Pop/Rock
378288,Electronic
397880,Pop/Rock
489999,Pop/Rock
492331,Pop/Rock
615119,Pop/Rock
651107,Pop/Rock
747445,Pop/Rock
755156,Pop/Rock
838272,Pop/Rock
895136,Pop/Rock
899530,Pop/Rock
960690,Pop/Rock
988638,Pop/Rock
75264,Pop/Rock
91650,Pop/Rock
112789,Pop/Rock
134729,Pop/Rock
175775,Reggae
295756,Pop/Rock
359326,Pop/Rock
446509,Pop/Rock
485135,Pop/Rock
579839,Pop/Rock
741746,Pop/Rock
789064,Pop/Rock
790820,Pop/Rock
796045,Pop/Rock
806829,Pop/Rock
825087,Pop/Rock
863790,Pop/Rock
883318,Pop/Rock
151290,Jazz
286662,Country
748421,Pop/Rock
5953,Pop/Rock
12654,Comedy/Spoken
59537,Pop/Rock
61938,Pop/Rock
81493,Pop/Rock
84209,Pop/Rock
130932,Pop/Rock
139026,Pop/Rock
182598,Pop/Rock
187581,R&B;
200968,Pop/Rock
349157,Pop/Rock
354105,Pop/Rock
379125,Pop/Rock
390390,R&B;
485791,Pop/Rock
490004,Pop/Rock
503913,Pop/Rock
562304,Pop/Rock
574772,Pop/Rock
604852,Pop/Rock
623985,Pop/Rock
754032,Pop/Rock
771438,Pop/Rock
772567,Pop/Rock
840402,Pop/Rock
8828,Pop/Rock
81403,Pop/Rock
546214,Pop/Rock
628467,Pop/Rock
13384,Country
19241,Country
65397,Country
86312,Country
99753,Country
136640,Country
175286,Country
210512,Country
234325,Country
409954,Country
749175,Country
804289,Country
50493,Pop/Rock
96977,Pop/Rock
97325,Pop/Rock
219966,Pop/Rock
561105,Pop/Rock
607053,Pop/Rock
1528006,Classical
559405,Latin
156886,Jazz
112017,Vocal
203804,Comedy/Spoken
588679,Folk
744548,Comedy/Spoken
38936,Pop/Rock
41874,Pop/Rock
249175,Easy Listening
639397,Latin
642542,Pop/Rock
765585,Latin
781837,Latin
785283,International
792507,Vocal
798543,Latin
183867,Classical
346336,Pop/Rock
423829,Jazz
750519,Avant-Garde
840102,Pop/Rock
988440,Pop/Rock
133969,Pop/Rock
7689,R&B;
160690,R&B;
208774,R&B;
262255,R&B;
319347,R&B;
376204,R&B;
802302,R&B;
820434,R&B;
112462,Pop/Rock
176936,Blues
187478,Pop/Rock
192382,Pop/Rock
240865,Pop/Rock
255371,Pop/Rock
489303,Pop/Rock
824599,Blues
831381,Pop/Rock
894465,Pop/Rock
18977,Pop/Rock
19297,Pop/Rock
297894,Pop/Rock
517607,Pop/Rock
583618,Pop/Rock
626463,Pop/Rock
859509,Pop/Rock
101895,R&B;
239859,Classical
304458,Stage & Screen
649950,Pop/Rock
691807,Stage & Screen
178014,Reggae
246768,Reggae
295276,Reggae
603590,Reggae
745584,Reggae
790988,Reggae
819344,Reggae
855773,Reggae
131627,Pop/Rock
137580,Pop/Rock
170369,Pop/Rock
207735,Pop/Rock
240311,Pop/Rock
289177,Pop/Rock
309458,R&B;
332141,Pop/Rock
519637,Pop/Rock
578028,Pop/Rock
584923,Pop/Rock
690254,Pop/Rock
744265,Pop/Rock
767068,Pop/Rock
816890,Country
921965,Pop/Rock
923384,Pop/Rock
532957,Jazz
805930,Jazz
123007,Pop/Rock
490141,Pop/Rock
42234,New Age
536122,Jazz
31380,Pop/Rock
122754,Pop/Rock
145443,Latin
237205,Pop/Rock
661524,R&B;
664817,Pop/Rock
806336,Latin
100160,Pop/Rock
577627,Pop/Rock
1190,R&B;
74195,R&B;
101946,R&B;
134600,R&B;
164053,R&B;
165011,R&B;
170770,R&B;
279337,R&B;
290072,R&B;
316834,R&B;
361393,R&B;
411761,Vocal
568861,R&B;
614823,R&B;
622805,R&B;
866491,R&B;
887806,Pop/Rock
927555,R&B;
933172,R&B;
22124,Pop/Rock
98465,Pop/Rock
105422,Pop/Rock
163386,Pop/Rock
246611,Pop/Rock
260206,Pop/Rock
287259,Pop/Rock
315403,Pop/Rock
371258,Pop/Rock
386253,Pop/Rock
406294,Pop/Rock
424244,Pop/Rock
490952,Pop/Rock
501407,Pop/Rock
561715,Pop/Rock
588450,Pop/Rock
673208,Pop/Rock
749970,Pop/Rock
751910,Pop/Rock
925852,Pop/Rock
957085,Pop/Rock
1098,Pop/Rock
223627,Pop/Rock
280956,Pop/Rock
351733,Pop/Rock
357406,Pop/Rock
388198,Pop/Rock
506513,Pop/Rock
572737,Pop/Rock
825251,Pop/Rock
120521,Pop/Rock
180228,Pop/Rock
799053,Pop/Rock
824022,Pop/Rock
16835,Blues
22928,Pop/Rock
46120,Pop/Rock
76057,Pop/Rock
114342,Pop/Rock
137474,Pop/Rock
138699,Pop/Rock
311674,Pop/Rock
327765,Stage & Screen
489676,Pop/Rock
6334,Vocal
150629,Vocal
695189,Vocal
804476,Vocal
958533,Jazz
28692,Jazz
175553,Jazz
208404,Jazz
404463,International
640675,Jazz
868092,Jazz
749222,Electronic
752945,Electronic
37730,Pop/Rock
39258,Pop/Rock
47789,Pop/Rock
51992,Pop/Rock
78741,Pop/Rock
130173,Pop/Rock
184043,Pop/Rock
287917,Pop/Rock
350840,Pop/Rock
387530,Pop/Rock
490554,Pop/Rock
612716,Pop/Rock
853492,Pop/Rock
898479,Pop/Rock
936425,Pop/Rock
987491,Pop/Rock
11707,Pop/Rock
43714,Pop/Rock
46925,Pop/Rock
96964,Pop/Rock
102399,Jazz
110161,Pop/Rock
130689,Pop/Rock
136871,Pop/Rock
277351,Pop/Rock
481461,Pop/Rock
674662,Pop/Rock
685647,Pop/Rock
796734,Pop/Rock
957296,Jazz
60306,Stage & Screen
79016,Vocal
82584,Vocal
162677,Jazz
172642,Vocal
184502,Vocal
204901,Vocal
211758,Jazz
212612,Vocal
213590,Vocal
244406,Vocal
742899,Jazz
396372,Jazz
21334,R&B;
816701,R&B;
825168,R&B;
46861,R&B;
60679,Blues
815039,Blues
825208,Blues
942252,Latin
197424,Latin
311680,Latin
617613,Latin
619388,Latin
245039,Country
389979,Country
778568,Country
36537,Pop/Rock
89021,Pop/Rock
209142,Pop/Rock
307135,Pop/Rock
496405,Pop/Rock
805785,Pop/Rock
821571,R&B;
842351,Pop/Rock
113480,Jazz
152312,Pop/Rock
61479,R&B;
64145,R&B;
82013,R&B;
118544,R&B;
144458,R&B;
147200,R&B;
162820,R&B;
329468,R&B;
524239,R&B;
894335,R&B;
41420,R&B;
59819,R&B;
101953,R&B;
118289,R&B;
477875,R&B;
500889,R&B;
509356,R&B;
569256,R&B;
572106,R&B;
594665,R&B;
664849,R&B;
746666,R&B;
865016,R&B;
894847,R&B;
55128,Pop/Rock
58616,Pop/Rock
116984,R&B;
502806,R&B;
773642,Pop/Rock
50251,Pop/Rock
88180,Pop/Rock
798606,Pop/Rock
139908,Pop/Rock
418740,Pop/Rock
671953,Pop/Rock
891063,Pop/Rock
334740,Country
13393,R&B;
59655,R&B;
94224,R&B;
128099,R&B;
149973,R&B;
170454,R&B;
179764,R&B;
414251,R&B;
477377,R&B;
542976,R&B;
667169,R&B;
751738,R&B;
772526,R&B;
803242,R&B;
806542,Blues
817011,Pop/Rock
894531,R&B;
59293,Pop/Rock
71336,Vocal
328352,Folk
575051,Pop/Rock
65590,Pop/Rock
189678,Pop/Rock
325459,Pop/Rock
422405,Pop/Rock
545726,Pop/Rock
621944,Pop/Rock
752314,Pop/Rock
780625,Pop/Rock
922911,Pop/Rock
39013,Pop/Rock
305363,Pop/Rock
563834,Pop/Rock
690456,Pop/Rock
781766,Pop/Rock
808944,Pop/Rock
855836,Pop/Rock
178906,Pop/Rock
219203,Pop/Rock
803026,Pop/Rock
11754,Pop/Rock
22257,Pop/Rock
137084,R&B;
159433,Pop/Rock
177454,Electronic
228099,Pop/Rock
235923,Pop/Rock
246960,Pop/Rock
290590,Pop/Rock
302106,R&B;
354722,Pop/Rock
390477,Pop/Rock
484145,Pop/Rock
495338,Pop/Rock
545074,Pop/Rock
572499,R&B;
776093,Pop/Rock
790833,R&B;
874289,Latin
121590,Vocal
253142,Pop/Rock
567624,R&B;
590441,Pop/Rock
1433,Country
133057,Country
161808,Country
162269,Country
162487,Country
227088,Country
270491,Pop/Rock
286115,Country
340446,Country
368112,Country
495861,Country
749476,Country
750131,Country
834108,Pop/Rock
858375,Country
167320,Pop/Rock
178122,Pop/Rock
420133,Pop/Rock
820115,Pop/Rock
393345,Pop/Rock
564333,Pop/Rock
23290,Jazz
170690,Jazz
242966,Jazz
490416,Jazz
494537,Jazz
641450,Jazz
748773,Blues
7731,Pop/Rock
7920,Pop/Rock
543595,Pop/Rock
750742,Pop/Rock
782768,Pop/Rock
813946,Pop/Rock
12472,Pop/Rock
20050,Pop/Rock
36106,Pop/Rock
38490,Pop/Rock
77175,Pop/Rock
107139,R&B;
178536,Pop/Rock
191947,R&B;
265440,Pop/Rock
307461,Pop/Rock
313284,Pop/Rock
317417,Pop/Rock
745964,Pop/Rock
798792,R&B;
92942,R&B;
127337,Pop/Rock
183858,Pop/Rock
217622,Pop/Rock
238115,R&B;
531986,Pop/Rock
617196,Pop/Rock
645474,Pop/Rock
809266,Pop/Rock
852855,Pop/Rock
62823,Pop/Rock
202545,Pop/Rock
385611,Pop/Rock
335,Pop/Rock
158309,Pop/Rock
225930,Pop/Rock
680476,Pop/Rock
792530,Pop/Rock
15318,Country
81561,Country
207127,Country
214162,Country
251375,Country
300749,Country
396676,Country
522768,Country
605375,Country
792370,Country
798248,Country
944084,Country
18258,R&B;
169536,Country
740833,Pop/Rock
44994,Blues
129547,Blues
205180,Pop/Rock
369270,Blues
611102,Blues
617844,Blues
625739,Pop/Rock
942529,Blues
66570,Jazz
67528,Vocal
267354,Jazz
743929,Jazz
809058,Pop/Rock
927627,Jazz
325401,Pop/Rock
473554,Pop/Rock
490549,Country
674150,Vocal
686897,Pop/Rock
936190,Pop/Rock
68780,Jazz
175196,Pop/Rock
184187,Jazz
201760,Jazz
248392,Jazz
341137,Blues
7448,R&B;
127063,R&B;
155563,Religious
308871,R&B;
478246,R&B;
651156,R&B;
762731,R&B;
767016,R&B;
117844,Country
200791,Country
320761,Country
410219,Country
471156,Country
573100,Country
791483,Country
238495,Blues
493122,Pop/Rock
543055,Pop/Rock
596922,Jazz
631774,Pop/Rock
751019,Pop/Rock
925181,Pop/Rock
573978,Reggae
152023,Pop/Rock
16759,Jazz
39656,Jazz
160198,Jazz
172350,Jazz
301955,Blues
770629,Jazz
47421,R&B;
106298,Comedy/Spoken
165663,Pop/Rock
193320,Pop/Rock
299471,Pop/Rock
745241,Pop/Rock
897214,Pop/Rock
34899,Pop/Rock
51376,Pop/Rock
167287,Pop/Rock
219483,Pop/Rock
290812,Pop/Rock
364399,Pop/Rock
809357,Jazz
842802,Pop/Rock
990384,Pop/Rock
71970,R&B;
90389,Jazz
673114,Jazz
781172,Jazz
2411,Electronic
81017,New Age
147638,Electronic
186927,Avant-Garde
300245,Pop/Rock
675495,New Age
826364,New Age
840000,Electronic
667794,Folk
934721,Folk
14651,Country
70715,Pop/Rock
144847,Pop/Rock
629609,Country
664378,Country
765722,Pop/Rock
814606,Pop/Rock
868456,Country
934069,Country
944310,Country
31685,Pop/Rock
96613,Pop/Rock
117490,Pop/Rock
147635,Pop/Rock
159214,Pop/Rock
166785,Pop/Rock
174557,Pop/Rock
182900,Pop/Rock
184091,Pop/Rock
204386,Pop/Rock
248798,Pop/Rock
285272,Country
294923,Folk
359016,Pop/Rock
359966,Pop/Rock
688400,Pop/Rock
791120,Folk
812046,Pop/Rock
816387,Pop/Rock
855405,Folk
962339,Pop/Rock
31067,R&B;
677781,R&B;
766893,R&B;
772976,R&B;
814898,R&B;
15694,Pop/Rock
29791,Pop/Rock
29884,Pop/Rock
31556,Pop/Rock
36521,Pop/Rock
79044,Pop/Rock
112185,Pop/Rock
145128,Pop/Rock
212131,Pop/Rock
240665,Pop/Rock
326249,Pop/Rock
575522,Pop/Rock
793425,Pop/Rock
815537,Pop/Rock
954964,Pop/Rock
608701,Blues
797881,Vocal
10412,Pop/Rock
21744,Pop/Rock
103484,Pop/Rock
600069,Pop/Rock
774588,Country
848034,Pop/Rock
31274,Pop/Rock
199995,Pop/Rock
253861,Pop/Rock
404434,Pop/Rock
798992,Pop/Rock
140176,Vocal
61480,Pop/Rock
131581,Pop/Rock
162233,Pop/Rock
781094,International
111794,Jazz
161173,Latin
227776,Jazz
398615,Jazz
607283,Latin
32071,Religious
98189,Country
193160,Country
380704,Country
549797,Country
747506,Vocal
796741,Country
848784,Country
857203,Vocal
5882,Pop/Rock
44764,Pop/Rock
75747,Pop/Rock
97182,International
936946,International
3595,Stage & Screen
79960,Pop/Rock
150048,Electronic
203008,Pop/Rock
303626,Pop/Rock
825924,Pop/Rock
887619,Pop/Rock
128440,Pop/Rock
128495,Pop/Rock
758453,Pop/Rock
891264,Pop/Rock
923033,Pop/Rock
16281,Pop/Rock
58549,Pop/Rock
49774,R&B;
61044,R&B;
96379,R&B;
467203,R&B;
69986,Country
72205,Country
159699,Country
294085,Country
637150,Country
806247,Country
14073,Pop/Rock
16438,Pop/Rock
64303,Pop/Rock
73421,Pop/Rock
154530,Pop/Rock
180263,Pop/Rock
314600,Pop/Rock
343930,Pop/Rock
475932,Pop/Rock
478426,Pop/Rock
485191,Pop/Rock
501692,Pop/Rock
569914,Pop/Rock
684240,Pop/Rock
764181,Pop/Rock
790732,Pop/Rock
866786,Pop/Rock
939567,Pop/Rock
78044,R&B;
5441,Pop/Rock
9441,Pop/Rock
572579,R&B;
38466,Vocal
44703,Religious
153590,Pop/Rock
179205,Pop/Rock
232564,Pop/Rock
295545,Folk
626268,Folk
696015,Pop/Rock
888730,Folk
29067,Pop/Rock
423267,Pop/Rock
483587,Pop/Rock
582313,Pop/Rock
47033,Pop/Rock
129761,Pop/Rock
301619,Pop/Rock
334193,Pop/Rock
798662,Stage & Screen
131841,Blues
793227,Jazz
93322,Reggae
138063,Reggae
160848,Reggae
328014,Reggae
641994,Reggae
751592,Reggae
785380,Reggae
836312,Reggae
263937,Pop/Rock
540883,Pop/Rock
817754,Pop/Rock
845775,Pop/Rock
864209,Pop/Rock
13387,Pop/Rock
70027,Pop/Rock
104455,Pop/Rock
120953,Pop/Rock
501081,Pop/Rock
564726,Pop/Rock
784814,Pop/Rock
40225,R&B;
418955,Pop/Rock
491220,Pop/Rock
575012,R&B;
597309,R&B;
801573,R&B;
806877,R&B;
830375,R&B;
33161,R&B;
590285,R&B;
607448,R&B;
766094,R&B;
944349,R&B;
162930,Vocal
164093,R&B;
185948,Vocal
260038,Vocal
368367,Vocal
378624,Jazz
29867,Vocal
171728,Vocal
273531,Vocal
314113,Stage & Screen
81796,Jazz
119629,Jazz
290464,Jazz
764702,Jazz
845443,Jazz
305501,R&B;
103162,R&B;
213212,Pop/Rock
302685,R&B;
384675,R&B;
834673,R&B;
489520,New Age
671244,Pop/Rock
766533,Pop/Rock
78886,Pop/Rock
80720,Pop/Rock
137390,Pop/Rock
260212,Pop/Rock
482677,Pop/Rock
567570,Pop/Rock
789340,Pop/Rock
831215,Pop/Rock
895443,Pop/Rock
53739,Vocal
98081,Vocal
106987,Jazz
131681,Vocal
314155,Vocal
330575,Pop/Rock
344275,Vocal
745915,Pop/Rock
753985,Vocal
794449,Pop/Rock
822777,Easy Listening
132449,Country
232701,Country
362437,Country
409968,Country
671156,Folk
815236,Blues
837946,Country
838300,Country
52900,Folk
87985,Pop/Rock
274321,Folk
814852,Pop/Rock
823012,Country
19701,Pop/Rock
34988,Pop/Rock
44906,Pop/Rock
46527,Pop/Rock
188190,Pop/Rock
423305,Pop/Rock
633181,Pop/Rock
751604,Pop/Rock
179379,Jazz
188202,Jazz
224638,Pop/Rock
233066,Pop/Rock
307025,Pop/Rock
504928,Pop/Rock
614339,Jazz
763301,Pop/Rock
608945,R&B;
781370,Pop/Rock
154998,Pop/Rock
257544,Pop/Rock
749734,Pop/Rock
855423,Pop/Rock
341422,Latin
591104,Latin
688804,Latin
3829,Blues
28166,Blues
59156,Blues
76881,Blues
276085,Blues
81194,Blues
100854,Blues
108826,R&B;
148477,R&B;
164594,R&B;
168958,R&B;
198162,R&B;
233228,R&B;
457807,R&B;
838195,R&B;
611877,Comedy/Spoken
750203,Vocal
74970,Country
246022,Country
287604,Jazz
120010,Pop/Rock
163420,Pop/Rock
206407,Pop/Rock
475334,Pop/Rock
479350,Pop/Rock
486047,Pop/Rock
604075,Pop/Rock
786613,Pop/Rock
1416172,Religious
16944,Reggae
129817,Reggae
165830,Reggae
181376,Pop/Rock
352171,Reggae
681340,Reggae
697350,Reggae
788508,Reggae
798477,Reggae
80780,Pop/Rock
85410,Country
142050,Country
174122,Pop/Rock
177060,Pop/Rock
307875,Country
345355,Pop/Rock
852997,Pop/Rock
69534,Pop/Rock
222436,Pop/Rock
251595,Pop/Rock
297702,Pop/Rock
520975,Pop/Rock
680522,Pop/Rock
97529,Jazz
226380,Jazz
680003,Jazz
789775,Jazz
798326,Jazz
800100,Jazz
928942,Jazz
961688,Jazz
189644,Vocal
281254,Country
393789,Country
510805,Country
530745,Pop/Rock
583959,Country
592954,Country
681171,Country
787960,Country
936206,Country
941579,Country
7230,Pop/Rock
140816,R&B;
252184,Pop/Rock
337631,Blues
467853,Pop/Rock
887348,Country
194703,Pop/Rock
756656,Folk
191063,Pop/Rock
308932,Pop/Rock
672011,Pop/Rock
46794,Pop/Rock
99246,Pop/Rock
162197,Pop/Rock
169795,Pop/Rock
377581,Pop/Rock
570061,Pop/Rock
615489,Pop/Rock
925528,Pop/Rock
528221,Folk
2330,Easy Listening
94210,Jazz
397042,Jazz
502199,Jazz
548338,Jazz
674332,Easy Listening
678408,Jazz
228299,Jazz
233862,Jazz
243527,Jazz
463527,Jazz
156043,Pop/Rock
259800,Pop/Rock
754879,Pop/Rock
792925,Pop/Rock
631579,Pop/Rock
927736,Folk
955544,Pop/Rock
961234,Pop/Rock
103324,Pop/Rock
151787,Pop/Rock
305541,Easy Listening
278575,Country
567190,Pop/Rock
573870,Pop/Rock
923618,Pop/Rock
2993710,R&B;
228323,Pop/Rock
74853,Electronic
921306,Electronic
190632,Country
610706,Pop/Rock
502163,Pop/Rock
75295,Reggae
173988,Reggae
190021,Reggae
242861,Reggae
636474,Reggae
9680,Jazz
172612,Latin
932858,International
607804,Folk
407986,Pop/Rock
814220,Religious
161351,Pop/Rock
268871,Pop/Rock
333464,Pop/Rock
193231,Pop/Rock
413524,Pop/Rock
104714,Electronic
35076,R&B;
161920,R&B;
239921,Pop/Rock
332257,Pop/Rock
482334,Pop/Rock
748222,Pop/Rock
129775,R&B;
131624,R&B;
617370,R&B;
793845,Pop/Rock
101795,Jazz
188432,Jazz
944206,Jazz
354158,Pop/Rock
564239,Pop/Rock
678339,Pop/Rock
755494,Pop/Rock
771010,Pop/Rock
838241,Pop/Rock
840523,Pop/Rock
937003,Pop/Rock
69060,Pop/Rock
100473,Pop/Rock
109414,Pop/Rock
238297,Pop/Rock
498691,Pop/Rock
585189,Pop/Rock
762500,Pop/Rock
766361,Pop/Rock
797431,Pop/Rock
172167,Pop/Rock
174752,Pop/Rock
601430,Pop/Rock
749504,Jazz
105354,Pop/Rock
500992,Pop/Rock
835585,Pop/Rock
859868,Pop/Rock
948171,Pop/Rock
185615,Country
198532,Pop/Rock
391398,Folk
538677,Pop/Rock
744796,Folk
814751,Pop/Rock
37658,Classical
57209,Pop/Rock
118327,Pop/Rock
140499,Pop/Rock
174822,Pop/Rock
186594,Pop/Rock
241724,Pop/Rock
311074,Easy Listening
387815,Electronic
488378,International
521704,Pop/Rock
607028,Easy Listening
635413,Pop/Rock
645612,Pop/Rock
678009,Easy Listening
753963,Pop/Rock
773392,Pop/Rock
799466,Pop/Rock
849672,Classical
936658,Pop/Rock
72041,Pop/Rock
123915,Pop/Rock
208303,Pop/Rock
754251,Pop/Rock
756180,Pop/Rock
83095,Religious
152973,Religious
182360,R&B;
577235,R&B;
4852,Latin
203670,Latin
313899,Latin
749671,Latin
769444,Pop/Rock
250435,Jazz
266160,Folk
330601,Jazz
330967,Folk
894827,Vocal
242211,Pop/Rock
323194,Pop/Rock
259529,Jazz
191429,Blues
769616,Blues
959770,Blues
127360,Pop/Rock
358820,Pop/Rock
481057,Pop/Rock
567325,Jazz
203639,Pop/Rock
29978,Pop/Rock
35021,R&B;
135024,R&B;
282709,R&B;
569685,R&B;
353145,Country
70800,Pop/Rock
154544,Pop/Rock
195874,Pop/Rock
197921,Pop/Rock
768321,Pop/Rock
784732,Pop/Rock
27916,R&B;
29909,Pop/Rock
45313,Pop/Rock
292915,Pop/Rock
293896,Pop/Rock
505532,Pop/Rock
595101,Pop/Rock
643549,Jazz
794173,Pop/Rock
845625,Pop/Rock
892823,Pop/Rock
956707,Pop/Rock
84814,Pop/Rock
391933,Pop/Rock
588508,Pop/Rock
596126,Pop/Rock
809999,Pop/Rock
256349,Vocal
322027,Easy Listening
479028,Vocal
495784,Vocal
815575,Vocal
137494,R&B;
376608,R&B;
792953,Pop/Rock
793988,Pop/Rock
803720,Pop/Rock
193216,Pop/Rock
210323,R&B;
482600,Pop/Rock
297955,Pop/Rock
319021,Pop/Rock
486645,Pop/Rock
501802,Pop/Rock
583478,Pop/Rock
202554,Jazz
489316,Jazz
129308,Pop/Rock
415239,Pop/Rock
745318,Pop/Rock
790814,Pop/Rock
395819,Vocal
61226,R&B;
607773,R&B;
892771,R&B;
290040,R&B;
317093,Jazz
668448,Religious
817000,R&B;
51066,Pop/Rock
304401,Pop/Rock
590479,Pop/Rock
925837,Pop/Rock
17748,R&B;
299668,R&B;
210991,R&B;
317865,Pop/Rock
585249,Pop/Rock
922728,Pop/Rock
84053,Pop/Rock
119651,Pop/Rock
478603,Pop/Rock
758444,Pop/Rock
336783,Pop/Rock
384920,Pop/Rock
394449,Folk
674263,Pop/Rock
26520,Pop/Rock
408696,Pop/Rock
607202,Electronic
920101,Pop/Rock
46699,Pop/Rock
105618,International
130115,Folk
138833,International
170815,Folk
244711,R&B;
265456,Pop/Rock
424296,Pop/Rock
479582,R&B;
496097,International
497132,Latin
636044,R&B;
692100,International
771297,International
573410,International
652255,International
82742,Country
222927,Pop/Rock
231645,Folk
12802,Religious
195368,Religious
289685,Pop/Rock
31263,Religious
333634,Folk
517264,Folk
577531,Folk
845468,Country
659517,Pop/Rock
674873,Pop/Rock
175708,Pop/Rock
759031,Pop/Rock
150062,Blues
242511,Blues
163229,Pop/Rock
597094,Pop/Rock
64509,R&B;
343396,R&B;
68551,Country
283405,Country
767370,Country
926108,Country
627337,Pop/Rock
660401,Pop/Rock
218885,Reggae
219334,Reggae
939187,Reggae
125465,Pop/Rock
33316,Pop/Rock
138332,R&B;
839369,R&B;
68738,Pop/Rock
259561,Pop/Rock
639053,Pop/Rock
920073,Pop/Rock
26510,Country
152002,Country
218994,Country
337271,Country
377908,Pop/Rock
489876,Pop/Rock
515628,Country
543867,Country
823165,Pop/Rock
10538,Pop/Rock
89710,R&B;
149515,Pop/Rock
574597,Pop/Rock
665957,R&B;
921002,R&B;
206967,Jazz
786228,Jazz
55304,R&B;
75171,R&B;
143367,R&B;
423095,R&B;
761706,Pop/Rock
92303,Pop/Rock
131650,Pop/Rock
493327,Pop/Rock
816900,Pop/Rock
922200,Pop/Rock
487186,Pop/Rock
672910,Pop/Rock
926604,Pop/Rock
948557,Pop/Rock
57488,Vocal
82831,Vocal
403120,Vocal
149044,R&B;
267814,R&B;
345168,Jazz
658346,R&B;
20278,R&B;
160638,R&B;
246885,Vocal
397876,R&B;
662800,Country
762288,Blues
778344,R&B;
422947,Pop/Rock
515251,Pop/Rock
931105,Pop/Rock
950956,Pop/Rock
42993,Pop/Rock
80537,Pop/Rock
3495279,Pop/Rock
135054,Pop/Rock
266255,Pop/Rock
766385,Pop/Rock
34249,Country
167517,Pop/Rock
286561,Folk
135152,R&B;
799081,R&B;
925066,R&B;
573241,Pop/Rock
19892,Pop/Rock
61172,Pop/Rock
758520,Pop/Rock
858827,Pop/Rock
889097,Pop/Rock
558339,Jazz
642664,Jazz
988386,Jazz
858710,Country
903609,Country
484396,Jazz
578031,Country
935990,Pop/Rock
315336,Vocal
556242,International
75100,Pop/Rock
140689,Pop/Rock
222351,Pop/Rock
474482,Pop/Rock
913210,Pop/Rock
171693,Folk
747757,Pop/Rock
61534,Pop/Rock
142652,Pop/Rock
13508,Pop/Rock
108679,Pop/Rock
636433,Pop/Rock
775877,Pop/Rock
923705,Pop/Rock
3413,Vocal
128249,Vocal
142178,Vocal
205254,Vocal
813392,Vocal
816896,Vocal
73644,Pop/Rock
171637,Pop/Rock
190946,Country
332852,Pop/Rock
3056,R&B;
9084,Pop/Rock
750925,R&B;
783250,Pop/Rock
926548,Pop/Rock
17929,R&B;
58438,R&B;
106882,R&B;
110104,R&B;
127696,R&B;
176358,R&B;
200074,Pop/Rock
619423,R&B;
684830,R&B;
884962,R&B;
920939,R&B;
139933,R&B;
213165,Pop/Rock
814036,Folk
36468,Pop/Rock
38302,Pop/Rock
138520,Pop/Rock
223197,Pop/Rock
255704,Pop/Rock
312354,Pop/Rock
367459,Pop/Rock
471355,Pop/Rock
472925,Pop/Rock
761108,Pop/Rock
855952,Pop/Rock
58372,Pop/Rock
308645,Pop/Rock
453041,Pop/Rock
741177,Pop/Rock
291043,Pop/Rock
44290,Jazz
792175,Jazz
49806,Blues
64817,Blues
1006782,Blues
130764,Pop/Rock
139089,Pop/Rock
213921,Pop/Rock
243008,Pop/Rock
258430,Pop/Rock
317545,Pop/Rock
527267,Pop/Rock
780581,Pop/Rock
805345,Pop/Rock
848913,Pop/Rock
920994,Pop/Rock
819894,Blues
94764,Pop/Rock
451296,Pop/Rock
129430,Electronic
853926,Electronic
928351,Pop/Rock
312353,Pop/Rock
509223,Pop/Rock
799771,Pop/Rock
170381,Pop/Rock
465562,Pop/Rock
987621,Pop/Rock
416785,Stage & Screen
760240,Stage & Screen
743968,R&B;
102050,Folk
772745,Pop/Rock
99561,Folk
124492,Pop/Rock
477116,Electronic
850692,Pop/Rock
68155,R&B;
278559,Comedy/Spoken
295415,Comedy/Spoken
492670,Comedy/Spoken
639005,Comedy/Spoken
899198,Comedy/Spoken
376739,Blues
758943,Pop/Rock
830425,Blues
962064,Blues
942335,Electronic
949820,Electronic
578141,R&B;
785611,Pop/Rock
852007,Pop/Rock
24944,Religious
79392,Religious
466759,Religious
232869,R&B;
245019,Folk
758208,Pop/Rock
669015,Folk
3170,Pop/Rock
94205,Country
165818,Country
196248,Country
33560,Pop/Rock
266916,Vocal
418981,R&B;
469286,Pop/Rock
774791,Pop/Rock
868306,Pop/Rock
756740,Pop/Rock
115733,Blues
894956,Blues
186312,Latin
81083,Country
169202,Folk
192925,Folk
223054,Folk
527379,Blues
536754,Folk
738855,Jazz
486775,Blues
127949,Jazz
139804,Jazz
354733,Pop/Rock
146544,Pop/Rock
223701,Jazz
238440,Pop/Rock
600228,Jazz
148355,Pop/Rock
752773,R&B;
767741,Jazz
776011,Pop/Rock
837486,Pop/Rock
809396,Country
48816,Vocal
211424,Jazz
76658,Jazz
136075,Jazz
406583,Jazz
628684,R&B;
772721,R&B;
804559,Jazz
45057,Country
87113,Country
241813,Pop/Rock
334829,Country
577720,Country
117001,R&B;
578744,R&B;
763554,R&B;
617568,R&B;
805208,R&B;
32366,Folk
69153,Folk
83554,Pop/Rock
227487,Folk
683686,Pop/Rock
800426,Folk
81619,Country
659299,Country
789721,Country
842269,Country
654490,Blues
41899,Pop/Rock
133119,Jazz
394806,Pop/Rock
542549,Jazz
551815,Jazz
628981,Pop/Rock
38977,Pop/Rock
196969,Folk
300024,Pop/Rock
443997,Latin
571845,Vocal
758601,Vocal
797056,International
837592,Vocal
43444,Comedy/Spoken
67561,Comedy/Spoken
107877,R&B;
224186,Pop/Rock
585574,Pop/Rock
766078,Pop/Rock
852688,Pop/Rock
52382,Pop/Rock
85776,Pop/Rock
154548,Pop/Rock
224294,Pop/Rock
339490,Pop/Rock
805661,Pop/Rock
817369,Pop/Rock
835894,Pop/Rock
838524,Pop/Rock
943936,Pop/Rock
359062,Pop/Rock
35587,Pop/Rock
192338,Pop/Rock
779670,Pop/Rock
885375,Pop/Rock
233035,Vocal
247966,Vocal
368451,Vocal
847735,Vocal
855531,Vocal
935330,R&B;
215058,Pop/Rock
270667,Pop/Rock
325443,Religious
521851,Pop/Rock
946560,Religious
146490,Pop/Rock
335747,Pop/Rock
757342,Pop/Rock
771905,Pop/Rock
683750,Electronic
66228,Blues
229157,Pop/Rock
777210,R&B;
830538,Pop/Rock
582930,Pop/Rock
842611,Pop/Rock
339577,Pop/Rock
755519,Pop/Rock
940583,Pop/Rock
946137,Pop/Rock
12180,Country
48566,Pop/Rock
207644,Country
333643,Stage & Screen
586798,Electronic
119111,Jazz
120487,Comedy/Spoken
345427,Pop/Rock
404345,Pop/Rock
417607,Pop/Rock
500664,Pop/Rock
843607,Pop/Rock
75591,Pop/Rock
186185,Pop/Rock
293490,Vocal
374126,Pop/Rock
579458,Classical
641626,Classical
751613,Classical
829267,Folk
988471,New Age
28772,Pop/Rock
541125,Pop/Rock
784760,Pop/Rock
135032,Pop/Rock
807121,Pop/Rock
669511,Latin
892775,Latin
128585,Reggae
923432,Reggae
181694,Vocal
797205,Latin
272567,Jazz
949259,Vocal
43499,Vocal
345734,Vocal
670088,Pop/Rock
187907,Latin
924318,Latin
960674,R&B;
101701,Pop/Rock
184267,Pop/Rock
80443,Jazz
161830,Latin
212614,Latin
954817,Latin
634377,Pop/Rock
75825,R&B;
765595,Pop/Rock
813731,Pop/Rock
425105,Reggae
34617,Jazz
864257,Jazz
170211,R&B;
249973,Pop/Rock
420539,Pop/Rock
179730,Country
49180,R&B;
827367,Blues
838559,Folk
625736,Pop/Rock
194018,Pop/Rock
204708,Pop/Rock
309328,R&B;
620121,Pop/Rock
668302,Pop/Rock
776562,Pop/Rock
807489,Country
28432,Pop/Rock
38579,Pop/Rock
49374,Pop/Rock
52093,Pop/Rock
206241,Pop/Rock
296903,Pop/Rock
566918,Pop/Rock
567862,Pop/Rock
812802,Electronic
926428,Pop/Rock
269972,R&B;
80428,Vocal
428717,Pop/Rock
90803,R&B;
193342,Pop/Rock
631535,Pop/Rock
2368302,Pop/Rock
308742,Pop/Rock
492037,Pop/Rock
568137,Pop/Rock
569402,Pop/Rock
748904,Pop/Rock
933633,Pop/Rock
18176,R&B;
83013,R&B;
482787,R&B;
624215,R&B;
816517,R&B;
930642,R&B;
570825,Pop/Rock
180449,R&B;
208076,R&B;
243474,R&B;
254535,Vocal
674011,Jazz
830319,Jazz
891907,International
893719,R&B;
239961,Pop/Rock
820232,Pop/Rock
26023,Pop/Rock
687487,Pop/Rock
487271,Folk
517074,R&B;
582024,Pop/Rock
795341,Pop/Rock
799644,Pop/Rock
165855,Pop/Rock
109735,Pop/Rock
483848,Pop/Rock
937098,Pop/Rock
764890,Country
520545,Pop/Rock
490763,Vocal
227527,Country
126144,R&B;
253457,Vocal
228266,Pop/Rock
127369,Jazz
201678,Jazz
245760,Jazz
334770,Jazz
684253,Jazz
802745,Jazz
28316,Reggae
683658,Reggae
29334,Country
780451,Country
745617,Jazz
784527,Jazz
790227,Jazz
39661,Blues
89713,Pop/Rock
112540,Folk
154533,Folk
342768,Folk
796950,Folk
813092,Folk
898336,Blues
310789,International
288111,Latin
488921,Latin
673621,Latin
553483,Pop/Rock
763237,Pop/Rock
926307,Pop/Rock
1608941,Electronic
756518,R&B;
44751,Country
378041,Country
794846,Country
808214,Pop/Rock
74340,Jazz
245992,Jazz
21747,Jazz
65882,Jazz
190888,Jazz
192260,Jazz
228444,Jazz
314050,Jazz
361973,R&B;
666763,Jazz
934350,Jazz
171150,Pop/Rock
492275,Pop/Rock
553810,Pop/Rock
837150,Folk
141838,Pop/Rock
320845,Pop/Rock
339624,Pop/Rock
347148,Pop/Rock
492466,Pop/Rock
623254,Pop/Rock
143494,International
153519,Country
151431,Country
198783,Country
554963,Pop/Rock
811622,Pop/Rock
211197,Comedy/Spoken
342833,Comedy/Spoken
26164,Pop/Rock
498961,Pop/Rock
620495,Pop/Rock
921710,Pop/Rock
494474,Reggae
504276,Pop/Rock
776659,Reggae
620386,Pop/Rock
183715,Pop/Rock
763601,Pop/Rock
74134,Folk
476356,Vocal
483334,Vocal
456896,Stage & Screen
66429,Country
200775,Country
327735,Pop/Rock
318966,Pop/Rock
375945,Pop/Rock
49062,Pop/Rock
185018,Pop/Rock
211095,Pop/Rock
195237,Pop/Rock
135273,R&B;
502398,R&B;
577590,R&B;
827250,R&B;
761341,R&B;
93533,Folk
36987,Jazz
286483,Jazz
738182,Jazz
792583,Jazz
333175,R&B;
135543,Pop/Rock
490620,Pop/Rock
807026,Pop/Rock
753685,Pop/Rock
750970,Pop/Rock
190012,New Age
896965,Reggae
1043986,Pop/Rock
121459,Reggae
178889,Reggae
11910,Jazz
96744,Pop/Rock
819983,Blues
359494,Reggae
489606,Reggae
298764,Pop/Rock
372322,Pop/Rock
754055,Pop/Rock
924508,Pop/Rock
87597,Pop/Rock
302765,Reggae
179126,Pop/Rock
848952,Jazz
334644,Country
762821,Country
486305,Blues
630882,Blues
402872,R&B;
111934,Vocal
668922,Pop/Rock
930204,Pop/Rock
749272,Vocal
66869,Pop/Rock
765302,Pop/Rock
790509,Pop/Rock
246628,R&B;
116178,Pop/Rock
33580,Reggae
169526,Reggae
251925,Reggae
334101,Reggae
918400,Pop/Rock
13511,Religious
85915,Pop/Rock
132579,Religious
847880,Religious
235169,Pop/Rock
655547,Pop/Rock
772191,Pop/Rock
405903,Pop/Rock
462110,Pop/Rock
475431,Pop/Rock
752770,Electronic
46184,Vocal
140521,Pop/Rock
76561,Country
811897,Country
160054,Pop/Rock
210425,Pop/Rock
591048,Pop/Rock
51909,Pop/Rock
945196,Pop/Rock
31441,New Age
245489,New Age
324854,R&B;
343940,Jazz
489845,Jazz
891575,Electronic
107090,Pop/Rock
407300,Country
562030,Country
885875,Country
186125,Country
196690,Country
351227,Pop/Rock
359613,Pop/Rock
399659,Country
939565,Country
66395,Reggae
85448,Reggae
109637,Reggae
346637,Jazz
147245,Jazz
424292,Jazz
558596,Jazz
149946,Jazz
34094,Pop/Rock
94658,Religious
576839,Religious
764636,Religious
182884,Pop/Rock
24568,Folk
90188,Pop/Rock
67900,R&B;
110341,Pop/Rock
406575,Pop/Rock
536275,Pop/Rock
593930,Pop/Rock
236287,International
240081,Pop/Rock
288904,Pop/Rock
780005,Pop/Rock
169228,R&B;
197460,Vocal
402351,R&B;
887638,New Age
130028,Pop/Rock
8549,Pop/Rock
40230,Pop/Rock
803009,Pop/Rock
21578,Pop/Rock
109421,Pop/Rock
366164,R&B;
402249,R&B;
488859,R&B;
200882,Pop/Rock
582253,R&B;
73605,Reggae
477523,International
828768,International
125561,Pop/Rock
376422,Pop/Rock
359179,Pop/Rock
788569,Country
22348,Pop/Rock
234647,R&B;
305468,Pop/Rock
932665,Pop/Rock
1878899,Pop/Rock
99888,Pop/Rock
151979,Pop/Rock
181321,Pop/Rock
479113,Pop/Rock
683085,Pop/Rock
890799,Pop/Rock
36402,Pop/Rock
606283,Vocal
860080,Pop/Rock
664194,R&B;
201297,Pop/Rock
822910,Pop/Rock
203711,Jazz
680374,R&B;
194036,Pop/Rock
463435,Pop/Rock
1908947,Pop/Rock
403184,Pop/Rock
760977,R&B;
583935,R&B;
1266,International
742673,International
94890,Pop/Rock
120060,Pop/Rock
414016,Pop/Rock
503279,Jazz
686560,Country
518313,Electronic
660507,Pop/Rock
829125,R&B;
590483,Religious
165736,Pop/Rock
186734,Blues
150530,Stage & Screen
232480,Stage & Screen
787757,Pop/Rock
441,Pop/Rock
154417,Pop/Rock
172041,Pop/Rock
490738,R&B;
578999,R&B;
681956,R&B;
780258,Pop/Rock
669473,R&B;
495455,Pop/Rock
988529,Pop/Rock
568071,Pop/Rock
135378,Blues
952794,Vocal
746731,Pop/Rock
790667,R&B;
898188,R&B;
496487,Pop/Rock
337856,Country
947816,Country
133832,Jazz
228087,Jazz
768027,Jazz
889449,R&B;
338179,Religious
83859,Pop/Rock
184637,Latin
611007,Electronic
785773,Avant-Garde
480108,Pop/Rock
503602,Pop/Rock
504815,Pop/Rock
610346,Pop/Rock
949619,Pop/Rock
118493,Latin
188843,Latin
219021,Latin
219243,Latin
292559,Latin
931086,Latin
35338,R&B;
51736,R&B;
40922,Pop/Rock
93566,Pop/Rock
149840,Pop/Rock
167386,R&B;
266534,Pop/Rock
328288,Pop/Rock
491996,Blues
753094,Blues
898331,Blues
829643,Blues
310455,Pop/Rock
802464,Pop/Rock
67406,International
751256,Pop/Rock
893383,Pop/Rock
169317,Pop/Rock
89018,Pop/Rock
651187,Pop/Rock
244073,Pop/Rock
172772,Vocal
201022,Pop/Rock
338887,Vocal
509367,Vocal
589630,Pop/Rock
592595,Pop/Rock
812711,Pop/Rock
377891,Pop/Rock
611881,Pop/Rock
835648,Pop/Rock
296601,Country
385879,Country
662642,Country
956093,Pop/Rock
97173,Pop/Rock
315142,Pop/Rock
36310,Pop/Rock
67631,Electronic
215041,Pop/Rock
296024,Latin
779209,Latin
61637,Pop/Rock
256831,R&B;
580485,R&B;
44068,Religious
281564,Religious
391285,Religious
393257,Religious
225389,Jazz
634674,Jazz
244537,Pop/Rock
275757,R&B;
782191,Electronic
255887,Pop/Rock
424117,Jazz
193025,R&B;
330453,R&B;
209773,Jazz
299277,Pop/Rock
1340026,Electronic
607967,Latin
766066,Vocal
778363,Vocal
832341,Vocal
774956,R&B;
58361,R&B;
664883,R&B;
677842,Pop/Rock
1211412,Pop/Rock
855356,Folk
211483,Jazz
258090,Jazz
275832,Jazz
585092,Jazz
745316,Jazz
747984,Jazz
951384,Jazz
27136,Latin
791318,Jazz
145086,Pop/Rock
891032,Pop/Rock
496525,Avant-Garde
924232,Jazz
315339,Pop/Rock
358641,Pop/Rock
803544,Pop/Rock
29808,Pop/Rock
771419,Pop/Rock
68934,Jazz
387720,Pop/Rock
741525,Jazz
961133,Jazz
569644,Pop/Rock
290502,Pop/Rock
665860,Pop/Rock
62002,Pop/Rock
30928,R&B;
303506,R&B;
312890,Pop/Rock
516929,Pop/Rock
70534,Comedy/Spoken
824219,Comedy/Spoken
77662,Vocal
122023,Pop/Rock
321321,Pop/Rock
303050,R&B;
481354,Electronic
493848,Electronic
584257,Electronic
205520,Pop/Rock
480830,Pop/Rock
664618,Latin
788582,Latin
216846,Pop/Rock
401287,Pop/Rock
788937,R&B;
869409,R&B;
239655,Religious
792051,Comedy/Spoken
922811,Vocal
148305,Religious
251361,Pop/Rock
520033,Pop/Rock
797147,Pop/Rock
418662,Pop/Rock
753617,Pop/Rock
806168,Pop/Rock
26367,Pop/Rock
758999,Electronic
588943,Reggae
164750,Pop/Rock
493412,International
768010,Pop/Rock
95613,International
191699,Latin
792733,Pop/Rock
884449,Pop/Rock
741380,Religious
776576,Religious
954694,Vocal
78191,Pop/Rock
617336,Pop/Rock
347639,Pop/Rock
226331,Pop/Rock
450700,Pop/Rock
181329,Pop/Rock
32193,Country
317108,R&B;
625201,R&B;
756291,R&B;
533117,R&B;
596451,R&B;
667669,Electronic
674887,Pop/Rock
958839,Pop/Rock
500298,Reggae
46460,Pop/Rock
667556,R&B;
359559,R&B;
355451,Country
310383,Latin
821590,R&B;
123345,Jazz
210757,Jazz
316340,Latin
299882,Folk
80657,R&B;
816895,Jazz
366407,Pop/Rock
475362,Avant-Garde
570046,Electronic
809446,Pop/Rock
833782,Pop/Rock
30431,Pop/Rock
191680,Jazz
141256,Country
296402,Country
214593,Pop/Rock
221844,Pop/Rock
675710,Pop/Rock
687561,Pop/Rock
790604,Blues
829122,Pop/Rock
647796,Pop/Rock
753706,Pop/Rock
809334,Jazz
197532,Vocal
615026,International
919525,Pop/Rock
94126,Pop/Rock
25047,Pop/Rock
576718,Pop/Rock
672498,Electronic
757157,Pop/Rock
742980,Reggae
746407,Reggae
255733,Pop/Rock
234844,Pop/Rock
58386,Pop/Rock
187413,Pop/Rock
197364,Pop/Rock
239638,Blues
389213,Blues
837215,Folk
866841,Pop/Rock
167361,R&B;
340152,Pop/Rock
259240,Pop/Rock
623518,Pop/Rock
814340,Vocal
560208,Pop/Rock
575695,Pop/Rock
257141,Pop/Rock
32971,Pop/Rock
190531,R&B;
237517,Country
268990,Pop/Rock
683065,Country
933883,Pop/Rock
359199,Jazz
768149,Jazz
101776,Pop/Rock
333573,R&B;
755570,R&B;
755792,R&B;
135391,Jazz
609966,Religious
62729,Pop/Rock
167399,Stage & Screen
805332,Pop/Rock
358532,Jazz
275130,Pop/Rock
831236,Pop/Rock
146354,Country
214546,Jazz
743966,Pop/Rock
818593,Pop/Rock
57124,R&B;
259270,International
591902,Reggae
762652,Reggae
826660,Reggae
296487,Pop/Rock
75801,Country
350585,Country
48908,Vocal
4451,Pop/Rock
45077,Folk
221603,Country
234488,Country
269172,Country
788568,Country
695019,International
796166,Jazz
887719,International
692251,Pop/Rock
898828,Pop/Rock
622379,Country
767095,R&B;
189701,Country
958076,Jazz
498987,R&B;
642796,Pop/Rock
781932,Jazz
102985,Vocal
240252,Latin
165068,Reggae
502371,R&B;
149173,Stage & Screen
786245,Pop/Rock
194039,Pop/Rock
760154,Pop/Rock
17877,R&B;
808198,Jazz
661974,Jazz
25899,Electronic
661525,Pop/Rock
793821,Electronic
820999,Country
197040,Blues
7729,Pop/Rock
861687,Pop/Rock
57188,Reggae
81683,Reggae
230667,Pop/Rock
34172,Pop/Rock
294197,Pop/Rock
597965,Pop/Rock
138837,Blues
873886,Jazz
56913,International
746010,Pop/Rock
390532,Pop/Rock
17387,Pop/Rock
51233,Jazz
300013,Jazz
64199,Country
667020,Pop/Rock
683795,Electronic
271029,R&B;
60476,R&B;
141681,Pop/Rock
193963,Pop/Rock
251604,Pop/Rock
299776,Pop/Rock
355616,Pop/Rock
770007,Pop/Rock
778906,Pop/Rock
799100,Pop/Rock
806740,Pop/Rock
815090,Pop/Rock
93632,Pop/Rock
609396,Pop/Rock
750456,Pop/Rock
184811,Pop/Rock
163198,Country
287860,Comedy/Spoken
91122,Electronic
253232,Electronic
351842,R&B;
492162,Electronic
799348,Electronic
807949,Electronic
869417,Electronic
633079,Pop/Rock
40501,New Age
497760,Pop/Rock
20403,Country
398259,Pop/Rock
2825814,Pop/Rock
485991,Latin
87179,Pop/Rock
467382,Pop/Rock
746182,Pop/Rock
902138,Pop/Rock
2252,Pop/Rock
933568,Pop/Rock
6320,Pop/Rock
762921,Religious
203695,Pop/Rock
83194,Pop/Rock
186805,Pop/Rock
251491,Pop/Rock
508443,Pop/Rock
383889,Pop/Rock
758630,Pop/Rock
138271,Pop/Rock
158656,Pop/Rock
251033,Pop/Rock
664346,Pop/Rock
104388,Jazz
414889,Pop/Rock
280445,R&B;
300534,Blues
330634,Stage & Screen
624504,Pop/Rock
165294,Pop/Rock
225948,Pop/Rock
204714,Blues
175087,Stage & Screen
204968,Jazz
674310,Jazz
110541,Jazz
202033,Country
461737,Country
522377,Pop/Rock
11242,Country
184814,Country
198901,Country
516706,Country
665908,Pop/Rock
343954,Pop/Rock
75665,Pop/Rock
153526,Pop/Rock
188342,Country
238506,Blues
781423,Jazz
35697,R&B;
401114,R&B;
255770,Jazz
183139,Pop/Rock
680065,Pop/Rock
121318,Pop/Rock
254556,Pop/Rock
239827,Pop/Rock
173487,Pop/Rock
320426,Pop/Rock
421315,Pop/Rock
137137,Jazz
275386,Pop/Rock
159312,Religious
344729,Religious
942624,Religious
793022,Pop/Rock
3627,Reggae
90011,Reggae
836313,Reggae
866417,Reggae
940831,Pop/Rock
480086,Pop/Rock
52151,Reggae
101164,Electronic
919598,Electronic
401066,Jazz
467749,Avant-Garde
930722,Pop/Rock
776371,R&B;
152228,R&B;
399437,R&B;
474648,Reggae
249303,Pop/Rock
314372,Pop/Rock
235881,Jazz
753237,Country
282766,Folk
489209,Pop/Rock
610339,Pop/Rock
687933,New Age
352999,Country
21292,Country
118189,Country
77698,Jazz
943827,Pop/Rock
112204,Pop/Rock
167220,Latin
511041,Latin
287350,Pop/Rock
165345,R&B;
648407,Pop/Rock
689367,Pop/Rock
608166,Vocal
633078,Pop/Rock
574057,Reggae
46381,Pop/Rock
898275,Pop/Rock
5307,R&B;
132849,Religious
108124,R&B;
301404,Pop/Rock
392553,Pop/Rock
143951,Country
220946,Country
248916,Reggae
228714,Vocal
1097,Latin
258882,R&B;
271113,Vocal
449578,Pop/Rock
673486,Latin
944105,Latin
262794,Pop/Rock
947563,Pop/Rock
240923,Pop/Rock
73383,R&B;
12877,Pop/Rock
588112,Pop/Rock
163570,Pop/Rock
414745,Pop/Rock
838414,Folk
590265,Vocal
247545,Pop/Rock
409670,Pop/Rock
352524,Blues
487535,Vocal
97786,Pop/Rock
282800,Pop/Rock
636394,Pop/Rock
850693,Pop/Rock
489207,Jazz
824866,Jazz
763341,Pop/Rock
156938,Reggae
190235,Reggae
127451,Pop/Rock
96576,Pop/Rock
324646,Pop/Rock
475980,Pop/Rock
863102,Pop/Rock
212129,Latin
492663,Latin
758194,Latin
339905,Pop/Rock
767129,R&B;
958768,Pop/Rock
31022,Pop/Rock
771269,Pop/Rock
170330,Stage & Screen
959775,Vocal
298225,Pop/Rock
781350,Pop/Rock
787702,Pop/Rock
99449,Pop/Rock
221894,R&B;
646353,Jazz
97491,Pop/Rock
261087,Pop/Rock
363100,Pop/Rock
786360,Pop/Rock
78242,Latin
131178,Country
639697,Latin
804706,International
222974,Pop/Rock
654543,Pop/Rock
924780,Pop/Rock
324819,Vocal
125528,Pop/Rock
139741,Pop/Rock
797670,Pop/Rock
243812,R&B;
411830,R&B;
918600,Pop/Rock
948061,Pop/Rock
87922,Pop/Rock
771792,Pop/Rock
685751,Easy Listening
769876,Vocal
337119,Pop/Rock
412134,Reggae
1292549,Reggae
185810,Pop/Rock
611929,Pop/Rock
947576,Pop/Rock
784766,Pop/Rock
165162,Pop/Rock
943268,Pop/Rock
933809,Pop/Rock
142767,Jazz
216294,Jazz
424302,Jazz
491786,Jazz
279141,Pop/Rock
319945,Pop/Rock
524050,Pop/Rock
230784,Reggae
800332,Reggae
823482,Reggae
893111,Reggae
370703,Blues
785357,Pop/Rock
64954,Vocal
516202,Pop/Rock
532487,Pop/Rock
177588,New Age
187162,Pop/Rock
834466,Pop/Rock
791480,Country
837985,Country
825387,Pop/Rock
48587,Pop/Rock
5501,Pop/Rock
329883,Pop/Rock
131038,Pop/Rock
798113,Pop/Rock
308762,New Age
26193,Pop/Rock
846092,Pop/Rock
849246,Pop/Rock
668127,Pop/Rock
756772,Pop/Rock
636106,International
264350,Reggae
50034,Pop/Rock
67539,Pop/Rock
179698,Jazz
12644,Jazz
636382,Jazz
848572,Jazz
366889,Vocal
673360,Vocal
954646,Vocal
36645,Jazz
46345,New Age
945269,New Age
759668,Reggae
684920,Jazz
401166,Pop/Rock
46784,R&B;
505047,Jazz
776301,Jazz
118853,Jazz
128290,Jazz
185155,R&B;
193802,Jazz
171994,Pop/Rock
133719,Electronic
35464,Pop/Rock
118664,Pop/Rock
31324,Pop/Rock
149166,Folk
249420,Folk
16448,International
202187,Reggae
77560,Vocal
57840,Country
144349,Country
185669,Country
194063,Country
37794,Latin
61273,International
686577,Latin
216348,Latin
220312,Latin
267411,Latin
274520,Latin
300659,Latin
30925,Jazz
807028,Pop/Rock
3669,Pop/Rock
988655,Pop/Rock
882950,Jazz
212200,Vocal
792018,Pop/Rock
796736,Pop/Rock
195305,Pop/Rock
655273,Pop/Rock
929776,Classical
830028,R&B;
151469,R&B;
575379,Pop/Rock
186096,Pop/Rock
255347,Pop/Rock
420504,Pop/Rock
957340,Pop/Rock
621959,Electronic
696668,Electronic
801615,Electronic
743760,Pop/Rock
477954,Country
118384,Pop/Rock
306446,Blues
806507,R&B;
296815,Folk
86826,Pop/Rock
99104,Folk
391003,Pop/Rock
768231,Pop/Rock
946563,Pop/Rock
120615,Pop/Rock
126048,Pop/Rock
601079,Pop/Rock
121157,R&B;
738674,Country
81079,R&B;
142208,Comedy/Spoken
253734,R&B;
258741,R&B;
314505,R&B;
2130,Stage & Screen
256575,Jazz
255210,Jazz
392299,Vocal
884686,Pop/Rock
502351,R&B;
674163,R&B;
75329,Electronic
169239,Electronic
216986,Electronic
302774,Electronic
304102,Electronic
341652,Country
206538,Jazz
335302,Pop/Rock
863774,Folk
808212,Pop/Rock
254215,Pop/Rock
280960,Pop/Rock
381371,Pop/Rock
1606776,R&B;
117064,Pop/Rock
166383,International
126782,Pop/Rock
660053,Pop/Rock
775323,Pop/Rock
178645,Pop/Rock
838875,Pop/Rock
574143,Pop/Rock
897783,Reggae
352294,Latin
380259,Latin
781732,International
300035,Pop/Rock
125822,Pop/Rock
217963,Pop/Rock
93849,Pop/Rock
129637,Pop/Rock
66800,Jazz
116087,Pop/Rock
45475,Pop/Rock
400279,Pop/Rock
927650,Pop/Rock
211570,Vocal
245133,Comedy/Spoken
245292,Comedy/Spoken
852842,International
761064,Jazz
771470,Pop/Rock
13377,Folk
644880,Pop/Rock
752673,Pop/Rock
950441,Pop/Rock
504169,Jazz
511029,Jazz
765900,Pop/Rock
65094,Jazz
828507,Jazz
5980,Vocal
597875,Pop/Rock
775406,Pop/Rock
551465,Folk
621423,Pop/Rock
808336,Pop/Rock
951375,Pop/Rock
290853,Pop/Rock
1233067,Pop/Rock
98278,Pop/Rock
269390,Country
751623,Pop/Rock
62270,Pop/Rock
186390,Pop/Rock
620578,Pop/Rock
241004,R&B;
769109,Electronic
287092,Comedy/Spoken
123515,R&B;
524522,Pop/Rock
649435,R&B;
480472,Vocal
567374,Religious
296802,Pop/Rock
926237,Pop/Rock
936095,Pop/Rock
790078,Pop/Rock
99198,Vocal
763551,R&B;
279097,Latin
783909,Latin
326096,Country
742166,Country
107227,Electronic
852810,Pop/Rock
855780,Jazz
491802,Pop/Rock
762177,Pop/Rock
109669,International
746387,Country
194743,Pop/Rock
511773,Jazz
950571,Jazz
126862,Latin
426564,Pop/Rock
487534,Latin
651796,Latin
674161,Latin
737886,Latin
753507,Latin
796439,Latin
102781,Jazz
765435,Jazz
300583,Country
80118,Pop/Rock
41431,Stage & Screen
118128,R&B;
90079,Country
831708,Latin
833631,Latin
221445,Pop/Rock
77732,Pop/Rock
25394,Pop/Rock
663455,Reggae
263852,Pop/Rock
781399,Easy Listening
147316,Pop/Rock
25857,Electronic
287407,Pop/Rock
673933,Pop/Rock
933898,R&B;
100116,R&B;
276381,R&B;
122252,Reggae
540010,Reggae
62860,Pop/Rock
316611,Pop/Rock
574102,Pop/Rock
47134,Vocal
127766,Vocal
568368,Vocal
614982,Pop/Rock
813485,Vocal
380235,R&B;
20862,Pop/Rock
580058,Country
373592,R&B;
662797,R&B;
828740,Reggae
828756,International
669303,Pop/Rock
639789,Jazz
919846,Pop/Rock
168993,Pop/Rock
166291,Pop/Rock
1055285,R&B;
88035,R&B;
333447,R&B;
322279,Folk
354189,Latin
69402,Reggae
647834,Pop/Rock
198302,Pop/Rock
931567,Pop/Rock
807068,Latin
59699,Latin
40695,Stage & Screen
369389,Vocal
51740,Classical
333539,New Age
672269,Vocal
851639,Classical
861757,Pop/Rock
293897,R&B;
795841,R&B;
3099573,Religious
123754,Pop/Rock
459616,Pop/Rock
585896,Pop/Rock
1006765,Pop/Rock
33666,Pop/Rock
219655,Pop/Rock
2273,Comedy/Spoken
11028,Stage & Screen
6310,Pop/Rock
208997,Pop/Rock
650525,Country
108446,Latin
894831,Latin
20760,Country
248920,Country
32433,Pop/Rock
199090,Blues
951374,Reggae
139709,Country
679219,Pop/Rock
341672,Pop/Rock
956268,Pop/Rock
987922,Religious
96142,Latin
38291,Pop/Rock
111963,Pop/Rock
608135,Jazz
198922,Pop/Rock
320442,Pop/Rock
82037,Jazz
18137,Jazz
58360,Vocal
179335,Latin
37865,Latin
91879,Latin
108554,Latin
248452,Latin
565634,Latin
903009,Latin
97949,Pop/Rock
90169,R&B;
900349,R&B;
803752,Classical
163577,Country
367417,R&B;
77306,Reggae
144538,Pop/Rock
247824,R&B;
59503,R&B;
29609,Jazz
639056,Pop/Rock
757335,Classical
757177,Pop/Rock
923801,Pop/Rock
194380,Latin
468632,Latin
822874,Latin
268161,Latin
741731,Latin
227697,Pop/Rock
482572,Pop/Rock
605965,Pop/Rock
783025,Blues
927373,Pop/Rock
288830,Latin
170879,Pop/Rock
670226,Pop/Rock
800926,Pop/Rock
217792,Pop/Rock
773407,Jazz
25778,R&B;
746915,Pop/Rock
597736,Electronic
80649,Pop/Rock
216212,Pop/Rock
918569,Electronic
158849,Electronic
759998,Electronic
130036,Pop/Rock
133528,Pop/Rock
57497,Pop/Rock
355412,Pop/Rock
921384,Vocal
793664,R&B;
665944,Jazz
786080,Jazz
583723,Stage & Screen
818366,Stage & Screen
28002,Pop/Rock
178799,Pop/Rock
923323,Pop/Rock
82639,Latin
555695,Latin
801762,Country
273105,Jazz
128266,Pop/Rock
185440,New Age
1431398,New Age
894664,Folk
355555,Pop/Rock
856451,Pop/Rock
168110,Pop/Rock
289599,Pop/Rock
577261,Easy Listening
314346,Country
10982,Pop/Rock
75394,Pop/Rock
843106,Pop/Rock
169578,Latin
468911,Latin
685031,Latin
49367,R&B;
234374,Jazz
168256,Pop/Rock
642427,Vocal
46727,R&B;
274822,Blues
250976,Pop/Rock
81231,Jazz
213510,Jazz
627250,Latin
261332,Jazz
600640,Pop/Rock
620603,Pop/Rock
614455,Pop/Rock
677352,Folk
354883,Pop/Rock
574119,Pop/Rock
371879,Pop/Rock
19435,Jazz
587608,Electronic
948333,Pop/Rock
143749,Pop/Rock
98944,Pop/Rock
147082,R&B;
688515,R&B;
765773,Jazz
285693,Pop/Rock
7305,Pop/Rock
405522,Pop/Rock
502978,Pop/Rock
762990,Pop/Rock
130402,R&B;
887718,R&B;
391519,Country
403454,Latin
681154,Pop/Rock
762885,Pop/Rock
804431,Pop/Rock
761179,R&B;
790797,Latin
132940,International
196544,Vocal
163835,Stage & Screen
1839912,Pop/Rock
26825,Pop/Rock
364861,Comedy/Spoken
151549,Pop/Rock
194246,Pop/Rock
365542,Pop/Rock
785101,Pop/Rock
385180,Pop/Rock
747243,Pop/Rock
406733,Avant-Garde
333181,Pop/Rock
406898,R&B;
574483,R&B;
184471,Pop/Rock
105129,Pop/Rock
120412,Pop/Rock
745568,Pop/Rock
806991,Vocal
153915,Pop/Rock
796281,Pop/Rock
104314,International
147294,R&B;
674262,R&B;
123363,Pop/Rock
142249,Electronic
147771,Reggae
199917,Easy Listening
611104,Pop/Rock
888484,Pop/Rock
956973,Pop/Rock
388972,Pop/Rock
739041,Pop/Rock
106916,Country
257787,Country
610880,Country
868174,Country
199369,Jazz
121746,Pop/Rock
221803,Electronic
690718,Religious
744969,Children's
130855,Country
222601,Country
293391,Country
327130,Country
472735,Country
593129,Country
745071,Country
836017,Country
921289,Country
89305,Pop/Rock
748262,Pop/Rock
850161,R&B;
16361,Pop/Rock
108265,Religious
354631,Religious
510885,Religious
180023,Pop/Rock
47246,Comedy/Spoken
500612,Comedy/Spoken
615937,Comedy/Spoken
898946,Comedy/Spoken
170228,Pop/Rock
677991,Jazz
757665,Jazz
740576,Classical
126903,Country
107249,R&B;
845668,Pop/Rock
387095,Pop/Rock
899223,Pop/Rock
953552,Pop/Rock
918290,Pop/Rock
242473,Blues
298766,Pop/Rock
48622,R&B;
503283,Pop/Rock
763611,Pop/Rock
411745,Pop/Rock
158540,Pop/Rock
217641,Pop/Rock
724720,Pop/Rock
503668,R&B;
158717,Latin
48806,Electronic
487038,Electronic
280692,Pop/Rock
299429,Pop/Rock
74452,R&B;
802791,Vocal
86927,Pop/Rock
831733,Pop/Rock
35864,Pop/Rock
496370,Electronic
286530,Country
243012,Pop/Rock
836394,Pop/Rock
854854,Pop/Rock
20740,Reggae
52736,Blues
106514,Country
206465,Pop/Rock
484607,Pop/Rock
132095,Pop/Rock
1518379,Electronic
921598,Pop/Rock
8245,Pop/Rock
137401,Pop/Rock
562663,Pop/Rock
251210,Blues
883345,Jazz
329232,Pop/Rock
480956,Pop/Rock
104147,Latin
409337,Latin
421122,Blues
490769,Blues
487663,Pop/Rock
796957,Pop/Rock
639621,Latin
778959,Latin
795054,Latin
952834,Pop/Rock
289629,Reggae
755496,Pop/Rock
746068,Folk
502774,Pop/Rock
806822,Pop/Rock
897322,Pop/Rock
342691,Pop/Rock
648097,Pop/Rock
607094,Pop/Rock
810592,Pop/Rock
222959,Pop/Rock
6613,International
159406,International
606043,Electronic
145543,Jazz
1777836,Pop/Rock
944933,Pop/Rock
26350,Classical
920117,Pop/Rock
153503,Jazz
694411,Reggae
20319,Folk
938878,Pop/Rock
74857,Pop/Rock
322642,Comedy/Spoken
840289,Pop/Rock
408531,Jazz
961152,Pop/Rock
109274,Pop/Rock
927795,Country
760389,Religious
796914,Religious
545534,Pop/Rock
752303,Pop/Rock
854203,Pop/Rock
12128,R&B;
818254,R&B;
847970,Pop/Rock
166767,Jazz
278644,Stage & Screen
569119,Stage & Screen
840215,Pop/Rock
647670,Jazz
359026,Latin
617536,Latin
42589,Pop/Rock
620056,Pop/Rock
1113,Pop/Rock
201983,Pop/Rock
537444,Pop/Rock
2006721,Pop/Rock
754219,Vocal
38805,R&B;
845662,R&B;
490860,Pop/Rock
749571,Religious
49797,Pop/Rock
288154,Pop/Rock
1498,Pop/Rock
71373,Pop/Rock
297839,Pop/Rock
502989,Electronic
591459,Electronic
1163,Jazz
224925,Pop/Rock
98819,R&B;
368578,Pop/Rock
919812,R&B;
198426,R&B;
789514,Latin
932299,Latin
1016154,International
847374,Pop/Rock
949780,Pop/Rock
782631,Folk
616296,Pop/Rock
101415,Pop/Rock
597239,Pop/Rock
566984,Electronic
347151,Pop/Rock
657329,Latin
21009,Pop/Rock
78758,Reggae
414291,Country
756959,Country
759224,Country
487012,Pop/Rock
812388,Pop/Rock
450991,Pop/Rock
117990,Latin
955009,Latin
414506,Latin
246169,Pop/Rock
753833,Pop/Rock
868616,Pop/Rock
988627,Pop/Rock
97384,Pop/Rock
520583,Pop/Rock
185383,Pop/Rock
69520,R&B;
103033,R&B;
811598,R&B;
216586,Country
667584,Folk
371530,Latin
796710,R&B;
201958,Pop/Rock
35719,Pop/Rock
601421,Electronic
178135,Religious
122037,International
731975,Classical
641709,Pop/Rock
118979,Pop/Rock
615304,Pop/Rock
949211,Pop/Rock
938638,Pop/Rock
492521,Pop/Rock
14263,Jazz
485525,Pop/Rock
450786,Electronic
928160,Electronic
625278,Pop/Rock
32401,Pop/Rock
527024,Pop/Rock
315909,Jazz
174132,Pop/Rock
140553,Latin
459027,Latin
6232,Electronic
232598,Pop/Rock
495288,Pop/Rock
128141,Pop/Rock
921542,Pop/Rock
890724,R&B;
151666,Classical
757070,Pop/Rock
813463,Pop/Rock
31606,Pop/Rock
931231,Reggae
78532,Reggae
479548,Reggae
758920,Reggae
919928,Reggae
744075,International
803757,Country
135059,Pop/Rock
96944,Country
812101,Electronic
1536402,Electronic
103447,Pop/Rock
520215,Pop/Rock
186545,Pop/Rock
595768,Pop/Rock
412393,Pop/Rock
919853,Pop/Rock
847305,Latin
85806,Pop/Rock
143559,Latin
396154,R&B;
125506,R&B;
494746,R&B;
159791,Jazz
47401,Jazz
85038,Pop/Rock
233147,Pop/Rock
169856,Blues
412710,Pop/Rock
667622,R&B;
1913210,Jazz
299840,R&B;
787696,Pop/Rock
825032,Jazz
303651,Reggae
100659,Pop/Rock
424928,R&B;
68898,International
101628,Jazz
109367,Latin
16132,Pop/Rock
509156,Pop/Rock
791734,Pop/Rock
855232,Pop/Rock
48123,Pop/Rock
919603,Pop/Rock
238245,Comedy/Spoken
621101,Pop/Rock
755745,Pop/Rock
333903,Pop/Rock
297849,Pop/Rock
225754,Blues
193444,Electronic
852665,Jazz
528895,Pop/Rock
285232,Pop/Rock
514563,Pop/Rock
11970,Electronic
552576,R&B;
802264,Comedy/Spoken
40294,Pop/Rock
843259,R&B;
38061,Pop/Rock
299567,Pop/Rock
944293,Pop/Rock
1312035,Latin
202344,R&B;
814871,Pop/Rock
769523,R&B;
395187,Pop/Rock
318085,Pop/Rock
90124,Electronic
1811373,Pop/Rock
172582,Pop/Rock
322339,Country
164686,Pop/Rock
286866,Latin
987481,Latin
574033,Pop/Rock
46214,Country
290414,Country
769486,Pop/Rock
107247,Jazz
841950,R&B;
6855,Latin
896817,Pop/Rock
312126,R&B;
869487,Easy Listening
926115,Jazz
138407,R&B;
925450,Pop/Rock
15158,R&B;
68896,R&B;
189641,Electronic
955647,Easy Listening
451183,Folk
69761,International
30664,Jazz
831448,Pop/Rock
90945,Pop/Rock
1950198,Classical
551115,R&B;
819946,R&B;
277977,Latin
26952,Religious
201667,Religious
89058,R&B;
230111,Folk
58934,Pop/Rock
343455,Pop/Rock
741236,Electronic
886961,Pop/Rock
45560,Pop/Rock
947752,Country
159655,Pop/Rock
175379,Pop/Rock
382565,Pop/Rock
400815,Pop/Rock
118791,Country
178621,Pop/Rock
6143,Jazz
333766,Pop/Rock
953875,Pop/Rock
552325,Latin
382734,Vocal
253397,International
253408,Pop/Rock
618230,Pop/Rock
50520,R&B;
48757,R&B;
146796,R&B;
787940,R&B;
185543,Pop/Rock
226556,Pop/Rock
509524,Pop/Rock
308625,Latin
309068,Latin
169099,Pop/Rock
84258,Pop/Rock
591620,Latin
176332,Pop/Rock
674600,Pop/Rock
158888,Electronic
919282,Pop/Rock
146551,Electronic
196370,Electronic
385766,Vocal
200448,R&B;
24113,Pop/Rock
160428,Reggae
73914,R&B;
69348,Jazz
519715,Jazz
36934,Jazz
169124,Jazz
199229,Country
393031,Pop/Rock
28619,R&B;
491174,Pop/Rock
6563,Jazz
349180,Pop/Rock
176256,Pop/Rock
17937,Vocal
295976,Vocal
200777,Vocal
720786,Jazz
38100,Vocal
331473,Jazz
164189,Pop/Rock
257160,Pop/Rock
127889,Religious
86750,Jazz
603036,R&B;
892586,Pop/Rock
14724,Pop/Rock
753104,International
568622,Jazz
769388,Jazz
800475,R&B;
960874,R&B;
22875,Pop/Rock
105030,Pop/Rock
107556,Pop/Rock
313128,International
66276,Latin
104741,Latin
176360,Country
476645,Reggae
347451,Pop/Rock
136124,Electronic
406657,Pop/Rock
290775,Jazz
523661,Country
213273,Pop/Rock
793898,Pop/Rock
125829,Pop/Rock
147481,Electronic
340364,R&B;
228058,Jazz
358055,R&B;
829033,Pop/Rock
5366,Latin
247004,Latin
248885,Latin
267435,Country
335937,Latin
761478,Jazz
337015,Jazz
85445,R&B;
107466,Country
252026,Jazz
214383,Pop/Rock
194578,Pop/Rock
243777,Vocal
11620,Pop/Rock
120067,Latin
362922,Latin
477001,Pop/Rock
604924,R&B;
74397,Jazz
803162,Jazz
40743,Pop/Rock
391177,R&B;
548020,Latin
110564,Latin
12491,Pop/Rock
413683,Blues
754587,Pop/Rock
762618,Vocal
276592,Jazz
20984,Pop/Rock
166658,Pop/Rock
565521,R&B;
359555,New Age
276626,Pop/Rock
609590,Pop/Rock
753422,Pop/Rock
138560,Jazz
748088,Easy Listening
754767,Easy Listening
115544,R&B;
292876,Latin
230886,International
584695,Blues
32807,Blues
603621,International
317571,Pop/Rock
125569,R&B;
36975,Pop/Rock
251474,Reggae
191070,Pop/Rock
332641,Folk
122381,Pop/Rock
663424,R&B;
869708,Jazz
656420,Latin
832507,Pop/Rock
43520,Blues
81836,New Age
620126,Unknown
97395,Pop/Rock
98467,Pop/Rock
937397,Pop/Rock
178371,Pop/Rock
812480,Folk
11046,Pop/Rock
490852,Pop/Rock
746302,Pop/Rock
332536,Jazz
334243,Pop/Rock
595559,Pop/Rock
855619,Pop/Rock
90018,Jazz
360956,Jazz
355142,Pop/Rock
857621,Pop/Rock
518252,Latin
72716,Country
630603,Country
85397,R&B;
212810,Religious
483716,Pop/Rock
337404,Latin
17060,Electronic
753868,Pop/Rock
193594,Vocal
793456,Pop/Rock
49026,Pop/Rock
206658,Pop/Rock
961427,Stage & Screen
860561,Pop/Rock
159410,Pop/Rock
467444,Pop/Rock
577358,Pop/Rock
852405,R&B;
48265,Pop/Rock
921359,Pop/Rock
167296,Pop/Rock
470588,Pop/Rock
778656,R&B;
934243,Pop/Rock
146088,Folk
579823,Country
185999,Pop/Rock
209517,R&B;
243418,Country
419102,Pop/Rock
670641,Jazz
205627,Reggae
866271,Pop/Rock
175025,Pop/Rock
307102,Pop/Rock
521674,Jazz
376793,Pop/Rock
207290,Pop/Rock
890559,Pop/Rock
614933,Pop/Rock
777009,Pop/Rock
84886,R&B;
508391,R&B;
919418,Pop/Rock
127301,Electronic
8125,R&B;
31442,Pop/Rock
29604,Pop/Rock
558954,Pop/Rock
138071,Pop/Rock
664770,Pop/Rock
760214,Pop/Rock
937150,Electronic
894962,Pop/Rock
808155,Electronic
43572,Electronic
818702,Pop/Rock
1426748,International
913130,R&B;
478173,R&B;
840708,Pop/Rock
923063,Electronic
388773,Electronic
487219,Unknown
511257,Pop/Rock
800695,Pop/Rock
666244,Pop/Rock
14201,Folk
887513,Stage & Screen
59758,Pop/Rock
749273,Country
807869,Country
134761,Country
1824831,Latin
255268,Reggae
952786,Pop/Rock
627026,R&B;
2717459,Pop/Rock
1409777,R&B;
691371,Pop/Rock
57280,R&B;
94792,Pop/Rock
367188,Pop/Rock
503460,Pop/Rock
859589,Pop/Rock
994823,Pop/Rock
2124046,Pop/Rock
664272,R&B;
1009342,Country
221059,Pop/Rock
1611,Electronic
919239,Pop/Rock
825883,Country
92107,R&B;
124825,Country
812239,Country
39828,R&B;
185591,Pop/Rock
312062,Blues
710448,Pop/Rock
230963,Religious
16574,Electronic
134051,Pop/Rock
380651,Pop/Rock
811395,Electronic
399733,Country
222153,Pop/Rock
258000,R&B;
673752,R&B;
933458,R&B;
846634,R&B;
469519,Pop/Rock
1589051,R&B;
648106,Electronic
151988,Latin
540139,Latin
868063,Latin
503242,Country
3426,R&B;
631275,Pop/Rock
497236,R&B;
184677,Electronic
791609,Electronic
793848,Electronic
2165952,Pop/Rock
717419,Electronic
166505,Pop/Rock
663645,Pop/Rock
16186,R&B;
681718,Pop/Rock
237773,Pop/Rock
639748,Pop/Rock
44776,Pop/Rock
386560,Pop/Rock
562850,Pop/Rock
159340,R&B;
782163,R&B;
863733,R&B;
3214680,Avant-Garde
277572,Pop/Rock
662416,Pop/Rock
843995,Pop/Rock
923745,Pop/Rock
2960510,Electronic
771838,R&B;
318882,Country
84446,R&B;
109628,Pop/Rock
9218,Pop/Rock
181817,R&B;
814387,R&B;
3413511,R&B;
233136,Pop/Rock
879144,Electronic
985124,R&B;
1028077,R&B;
472102,Pop/Rock
331400,Country
676818,Country
1573712,Electronic
2450537,Electronic
2995948,Pop/Rock
2397780,Pop/Rock
128873,Pop/Rock
755918,Pop/Rock
46814,Country
548397,Pop/Rock
720741,Pop/Rock
922398,Pop/Rock
1013375,Pop/Rock
468938,R&B;
124248,Electronic
1714462,Electronic
798658,Pop/Rock
572508,Electronic
854866,Electronic
945951,Electronic
1032082,Pop/Rock
749743,Pop/Rock
528243,Pop/Rock
990368,Pop/Rock
94861,Pop/Rock
182302,Pop/Rock
755152,Pop/Rock
896216,Pop/Rock
990366,Pop/Rock
587631,Electronic
1422105,Pop/Rock
325727,Latin
793225,Electronic
1029659,Pop/Rock
2063135,Electronic
128143,R&B;
73682,R&B;
677241,R&B;
219428,Pop/Rock
1717415,Electronic
115554,R&B;
2048033,Pop/Rock
2290007,Pop/Rock
2435745,Electronic
280897,Pop/Rock
187422,Pop/Rock
987777,R&B;
105462,R&B;
581713,R&B;
944700,Pop/Rock
996127,Pop/Rock
670734,Pop/Rock
1055021,Pop/Rock
266063,R&B;
822089,Pop/Rock
2570457,R&B;
736318,Pop/Rock
866215,Pop/Rock
485365,Pop/Rock
569600,Pop/Rock
780948,Electronic
19740,R&B;
215513,R&B;
405142,R&B;
619536,R&B;
849405,R&B;
2592086,R&B;
1072350,Pop/Rock
2031918,Pop/Rock
2867436,Pop/Rock
3161008,R&B;
546738,R&B;
2393596,Electronic
366681,Pop/Rock
178301,Electronic
935739,R&B;
122219,R&B;
180516,Pop/Rock
130037,Country
580300,Pop/Rock
588246,Pop/Rock
1507678,Pop/Rock
2873356,Pop/Rock
861252,Country
1028746,Country
1035160,Electronic
2412330,Electronic
2782403,Electronic
2674162,R&B;
479149,Pop/Rock
95176,Electronic
284939,Latin
586843,Pop/Rock
985076,Pop/Rock
1391526,Pop/Rock
2639628,Pop/Rock
325357,Pop/Rock
573391,Pop/Rock
460390,Pop/Rock
80358,Pop/Rock
2598627,Pop/Rock
274637,R&B;
50581,Latin
52062,Latin
2385504,Latin
2507287,Pop/Rock
2766592,Pop/Rock
1599476,Country
2365087,Electronic
2659130,R&B;
3006966,Pop/Rock
588887,Pop/Rock
2814183,Pop/Rock
261309,Reggae
2518003,Reggae
2896351,Reggae
74,Pop/Rock
589,Pop/Rock
1589,Classical
2578,Pop/Rock
2750,R&B;
2867,Pop/Rock
3226,Pop/Rock
4358,Reggae
4458,New Age
4553,R&B;
4955,Pop/Rock
6568,R&B;
6860,Latin
7031,Country
7974,Country
8570,Pop/Rock
8591,Pop/Rock
9437,Country
9490,Pop/Rock
9787,Pop/Rock
9970,Pop/Rock
11052,Country
11210,R&B;
11506,Pop/Rock
11608,Blues
11664,Pop/Rock
12570,Reggae
12595,Pop/Rock
12972,Pop/Rock
13038,Jazz
13101,New Age
13583,Pop/Rock
13755,Pop/Rock
14329,Religious
14699,Pop/Rock
14757,Classical
14822,Pop/Rock
14931,R&B;
14959,Pop/Rock
15405,Pop/Rock
15856,R&B;
16227,R&B;
16235,Pop/Rock
16925,Jazz
17021,Pop/Rock
17882,Vocal
18513,Jazz
18691,Pop/Rock
18828,Pop/Rock
18862,Pop/Rock
19029,Pop/Rock
19133,Pop/Rock
19392,Pop/Rock
19831,Pop/Rock
19953,R&B;
20028,Pop/Rock
20729,Pop/Rock
20812,Pop/Rock
20919,Electronic
20971,Jazz
21008,Country
21492,Pop/Rock
21670,Pop/Rock
22020,Jazz
22369,Pop/Rock
22574,Easy Listening
22602,Pop/Rock
22981,Pop/Rock
23147,Jazz
23202,Electronic
23411,Country
23925,Pop/Rock
23982,Blues
24139,Pop/Rock
24152,Pop/Rock
24309,Reggae
24329,Electronic
25142,Pop/Rock
25236,Pop/Rock
25965,Jazz
26161,International
26637,Pop/Rock
27102,Pop/Rock
27221,Pop/Rock
28015,Jazz
28863,Pop/Rock
28918,Pop/Rock
29365,Pop/Rock
29600,Pop/Rock
30250,Classical
31158,Stage & Screen
31617,Pop/Rock
31697,Pop/Rock
31765,Pop/Rock
31823,Electronic
31969,Pop/Rock
31971,Pop/Rock
32045,New Age
32301,Pop/Rock
32333,Religious
32409,Pop/Rock
33481,Country
33995,R&B;
34382,Pop/Rock
34867,R&B;
34880,Pop/Rock
36312,Country
36327,R&B;
36849,Country
37026,Country
37197,Vocal
37931,Pop/Rock
38321,Pop/Rock
39342,Pop/Rock
39406,Pop/Rock
39637,Pop/Rock
40124,Pop/Rock
40648,Pop/Rock
41283,Pop/Rock
41462,R&B;
41976,Pop/Rock
43348,Pop/Rock
44663,Pop/Rock
44998,Latin
45287,R&B;
45379,Jazz
45745,International
45941,Stage & Screen
46429,Jazz
46626,Country
48061,Pop/Rock
48126,Pop/Rock
48811,Pop/Rock
48903,R&B;
49163,Electronic
50588,Pop/Rock
50967,Country
51230,Electronic
51603,Classical
53204,Latin
53221,Pop/Rock
53441,Easy Listening
53606,R&B;
53916,R&B;
54982,Latin
55778,Pop/Rock
55939,Jazz
56193,Electronic
57151,Pop/Rock
57205,Jazz
57577,Country
57636,Electronic
57923,Country
58947,Pop/Rock
59949,R&B;
59989,Pop/Rock
60012,Pop/Rock
61041,Pop/Rock
61792,Pop/Rock
61912,Country
62412,R&B;
62455,Religious
62609,Pop/Rock
63340,Pop/Rock
64149,Pop/Rock
64830,Vocal
65040,Pop/Rock
65620,Pop/Rock
66514,Pop/Rock
67529,Latin
69805,Country
70586,Pop/Rock
70704,Reggae
71166,Pop/Rock
71636,Vocal
72109,Pop/Rock
72861,Electronic
72941,Pop/Rock
72998,Pop/Rock
73444,Pop/Rock
73553,Pop/Rock
73969,Pop/Rock
74005,Jazz
74520,Pop/Rock
74776,Pop/Rock
74952,New Age
75308,Pop/Rock
76788,Country
77264,Pop/Rock
77578,Pop/Rock
77952,Pop/Rock
77963,Pop/Rock
78467,Pop/Rock
79959,Pop/Rock
80340,Pop/Rock
80494,Pop/Rock
80609,Pop/Rock
81248,Electronic
81739,Country
81832,Pop/Rock
81841,Jazz
81849,Jazz
82149,R&B;
82955,R&B;
83106,Country
84387,Pop/Rock
84777,Pop/Rock
85271,Pop/Rock
86250,Pop/Rock
86828,Pop/Rock
87697,R&B;
87741,Pop/Rock
88587,R&B;
89071,Pop/Rock
89306,Pop/Rock
89828,Jazz
89870,Pop/Rock
89873,Country
90174,Pop/Rock
91312,Stage & Screen
91549,Pop/Rock
91651,Pop/Rock
91763,R&B;
91852,International
92507,Pop/Rock
93565,Pop/Rock
93859,Pop/Rock
93872,R&B;
96679,Pop/Rock
96701,International
96804,Pop/Rock
97065,Pop/Rock
97200,Pop/Rock
97203,Country
97426,Jazz
97509,R&B;
97654,Pop/Rock
98361,Pop/Rock
98688,Country
98707,Pop/Rock
99508,Pop/Rock
99730,Latin
99770,Pop/Rock
100197,Religious
100496,Pop/Rock
100575,Religious
100840,Pop/Rock
101072,Pop/Rock
101575,Latin
102750,Pop/Rock
102964,Pop/Rock
103460,Vocal
103600,Jazz
104217,Religious
104548,Pop/Rock
105329,Jazz
105638,Pop/Rock
105685,Pop/Rock
106145,R&B;
107753,Latin
107950,Pop/Rock
108249,Vocal
108283,Latin
108340,Pop/Rock
108774,Folk
109012,Pop/Rock
109202,Pop/Rock
109263,Pop/Rock
109542,Pop/Rock
109784,Pop/Rock
110011,Pop/Rock
110454,Latin
110791,Pop/Rock
110792,Pop/Rock
110945,R&B;
111969,Religious
113082,Pop/Rock
113721,Jazz
115079,Blues
115140,Pop/Rock
116425,Pop/Rock
116465,Reggae
117356,R&B;
118243,Blues
118503,Country
118665,R&B;
118798,Pop/Rock
119058,Unknown
119469,Pop/Rock
119655,Pop/Rock
120163,Pop/Rock
120411,Pop/Rock
121236,Pop/Rock
121584,New Age
121778,Pop/Rock
121863,Pop/Rock
122738,Blues
122795,R&B;
124881,Country
125088,Pop/Rock
125940,Latin
126168,R&B;
126287,Pop/Rock
126731,Pop/Rock
127898,Pop/Rock
128231,Pop/Rock
128244,Pop/Rock
129254,Country
129551,Pop/Rock
129591,R&B;
129945,Country
130418,Reggae
130552,Pop/Rock
130686,Jazz
130922,New Age
131603,Pop/Rock
132856,R&B;
133177,R&B;
133420,Pop/Rock
133883,Latin
133957,Pop/Rock
133988,Stage & Screen
135740,Pop/Rock
137430,R&B;
137904,Pop/Rock
137980,Pop/Rock
138235,Pop/Rock
138335,R&B;
139212,Pop/Rock
139475,Latin
139566,Jazz
139655,Pop/Rock
141683,Pop/Rock
141774,Jazz
141893,Pop/Rock
142963,Pop/Rock
143490,New Age
143781,Pop/Rock
144629,Pop/Rock
145489,Jazz
146478,Pop/Rock
146755,Pop/Rock
147306,Country
147468,Pop/Rock
147785,Pop/Rock
148004,Pop/Rock
148227,Pop/Rock
149102,Pop/Rock
150181,Pop/Rock
151240,Jazz
151504,Pop/Rock
152384,Pop/Rock
153103,Pop/Rock
153129,R&B;
153630,Pop/Rock
153933,Pop/Rock
154297,Pop/Rock
154822,Pop/Rock
155091,Pop/Rock
155170,Religious
155801,Pop/Rock
156122,Pop/Rock
156484,Pop/Rock
156749,Country
156950,Country
157063,R&B;
157377,New Age
158018,Pop/Rock
158765,Pop/Rock
160742,Vocal
161436,Reggae
161637,Jazz
162265,Latin
162794,International
162943,Pop/Rock
163059,Pop/Rock
163213,R&B;
163435,Latin
163977,R&B;
164175,Pop/Rock
164504,Pop/Rock
165076,Pop/Rock
165077,Religious
165117,R&B;
165354,Pop/Rock
165652,Pop/Rock
166025,Jazz
166033,Latin
167762,Pop/Rock
168126,Pop/Rock
169088,R&B;
169189,Pop/Rock
169818,R&B;
169948,Jazz
170214,Easy Listening
170758,Pop/Rock
171015,Jazz
171220,Jazz
171726,Latin
171854,Reggae
171889,Reggae
172205,Pop/Rock
172770,Country
173007,Jazz
173647,Pop/Rock
174007,Pop/Rock
174198,Pop/Rock
174506,Jazz
175049,Pop/Rock
175459,Pop/Rock
175525,Pop/Rock
175538,R&B;
175579,Pop/Rock
175992,Pop/Rock
176083,Jazz
176148,Country
176859,Jazz
177117,Pop/Rock
177336,Pop/Rock
177372,Latin
177856,Latin
177957,Reggae
178051,Electronic
178143,Pop/Rock
178345,Pop/Rock
178549,Pop/Rock
178654,Jazz
178750,R&B;
179105,Folk
179191,Pop/Rock
179636,Pop/Rock
179714,Classical
180503,Pop/Rock
181719,Pop/Rock
183311,Pop/Rock
183699,International
183777,Pop/Rock
184199,Country
184208,International
184406,Jazz
184451,Religious
185617,Pop/Rock
186440,Pop/Rock
186481,Pop/Rock
187172,Pop/Rock
188206,R&B;
188261,Pop/Rock
188467,Pop/Rock
188697,Reggae
188809,Stage & Screen
189229,Country
189831,Jazz
189848,Jazz
190843,Pop/Rock
191175,Pop/Rock
191983,Pop/Rock
192840,Pop/Rock
193305,R&B;
194008,Pop/Rock
195373,International
195634,R&B;
196200,Vocal
196254,Jazz
196976,Country
197475,Pop/Rock
197582,R&B;
197757,Pop/Rock
199089,Pop/Rock
199194,Folk
200322,Jazz
201593,Pop/Rock
201668,Pop/Rock
201716,Country
202084,Pop/Rock
202089,R&B;
202162,Pop/Rock
203592,Classical
203764,Pop/Rock
203765,Pop/Rock
204847,Pop/Rock
204850,Jazz
205442,Pop/Rock
205838,Pop/Rock
205959,Electronic
206167,Pop/Rock
206668,R&B;
207360,Electronic
208893,Pop/Rock
209019,Pop/Rock
210142,Blues
210143,Pop/Rock
210276,Pop/Rock
210830,R&B;
211146,Pop/Rock
211578,Pop/Rock
212006,Country
213561,Electronic
214580,Pop/Rock
215296,Pop/Rock
215997,Pop/Rock
217344,Pop/Rock
217994,Pop/Rock
218473,Pop/Rock
218709,Jazz
219287,Vocal
220024,Electronic
220403,Latin
221426,Pop/Rock
221660,Jazz
222387,Pop/Rock
222748,Pop/Rock
223523,Pop/Rock
223683,Reggae
223861,Pop/Rock
224345,Pop/Rock
225607,Jazz
225690,Comedy/Spoken
225944,International
226420,R&B;
226908,Jazz
227708,Religious
228180,R&B;
228371,Pop/Rock
228889,Pop/Rock
230105,Comedy/Spoken
230244,Pop/Rock
230297,Pop/Rock
230845,Pop/Rock
231013,Latin
231225,Pop/Rock
231342,Pop/Rock
231397,R&B;
233300,Reggae
234192,Pop/Rock
237668,Pop/Rock
238686,R&B;
238968,Pop/Rock
240009,Blues
240267,Country
240503,Pop/Rock
241635,Pop/Rock
241650,Electronic
242578,Pop/Rock
242949,Jazz
243238,International
244048,R&B;
244608,Pop/Rock
245250,Latin
245513,Pop/Rock
245534,Country
246032,Pop/Rock
246127,R&B;
246487,Jazz
247065,Pop/Rock
247699,Pop/Rock
247963,Pop/Rock
249444,Latin
249528,Pop/Rock
250798,Electronic
251206,Country
251437,Electronic
251851,R&B;
252315,Reggae
252495,Vocal
252509,R&B;
252513,Pop/Rock
253076,Electronic
253137,Pop/Rock
253296,Country
253657,Pop/Rock
253914,International
254083,Reggae
254411,Pop/Rock
254827,Country
254972,Pop/Rock
255051,Pop/Rock
255377,Jazz
255576,Pop/Rock
256482,Vocal
256528,R&B;
256557,Pop/Rock
256951,Pop/Rock
256974,R&B;
257364,R&B;
258514,Pop/Rock
258567,Pop/Rock
258947,Electronic
260007,Vocal
260384,Pop/Rock
261106,Pop/Rock
261623,Pop/Rock
263271,Pop/Rock
263995,Folk
264430,Pop/Rock
264499,Pop/Rock
264617,Pop/Rock
266129,R&B;
266151,Country
266503,R&B;
268700,Pop/Rock
270060,Country
270243,Latin
270770,International
272563,Pop/Rock
272713,Vocal
275335,Vocal
276917,Jazz
277059,Pop/Rock
277496,Pop/Rock
277764,Country
279308,Country
279315,Pop/Rock
279395,Reggae
281225,Pop/Rock
281953,Jazz
282752,Pop/Rock
282912,International
283015,R&B;
283335,Pop/Rock
284207,Pop/Rock
284546,Pop/Rock
286092,New Age
286439,Latin
286518,Pop/Rock
286572,Pop/Rock
286639,Pop/Rock
288350,Religious
288985,Jazz
289058,Pop/Rock
291235,R&B;
293448,Pop/Rock
293969,Electronic
294126,Pop/Rock
295274,Pop/Rock
295285,Pop/Rock
295933,Pop/Rock
297569,Pop/Rock
300578,Pop/Rock
302026,Pop/Rock
302955,Reggae
303422,International
305335,Pop/Rock
306851,Electronic
307083,Pop/Rock
307913,Folk
308013,Pop/Rock
309839,Country
310724,Pop/Rock
310905,Pop/Rock
312004,Latin
312464,Stage & Screen
312657,Pop/Rock
313521,Pop/Rock
314576,Country
314923,Electronic
315104,Latin
316269,Pop/Rock
317129,Folk
319846,Pop/Rock
319956,Pop/Rock
320470,R&B;
321126,R&B;
321944,Religious
322365,Pop/Rock
322765,R&B;
323641,Pop/Rock
328201,Pop/Rock
328824,R&B;
328956,Pop/Rock
329542,Pop/Rock
329978,Pop/Rock
330061,Pop/Rock
331323,Pop/Rock
331666,New Age
333648,Pop/Rock
334041,Country
334054,Pop/Rock
334216,Pop/Rock
335431,Jazz
338287,Jazz
338593,Latin
340527,Country
342004,Country
343215,R&B;
344037,Pop/Rock
344332,Country
344609,Pop/Rock
345227,Pop/Rock
345426,Jazz
345708,Pop/Rock
346684,Pop/Rock
346806,Pop/Rock
347741,Country
348884,Country
350139,Pop/Rock
350892,Jazz
352164,Jazz
352575,R&B;
352770,Pop/Rock
354609,Pop/Rock
355052,Jazz
355208,Pop/Rock
355998,R&B;
356422,Vocal
357057,Jazz
358528,Country
359123,Pop/Rock
360948,Latin
361541,Pop/Rock
363307,Latin
363327,Electronic
365821,R&B;
367156,Pop/Rock
367231,Pop/Rock
367272,International
369183,Pop/Rock
369955,Pop/Rock
370326,Pop/Rock
372986,Religious
375101,New Age
376888,Blues
377035,R&B;
377060,Jazz
380737,Pop/Rock
382630,Pop/Rock
382671,Reggae
383056,Pop/Rock
383853,Country
385393,Pop/Rock
385797,Pop/Rock
387097,R&B;
387219,Pop/Rock
387352,Country
388167,Jazz
389378,Pop/Rock
390185,Pop/Rock
390743,Pop/Rock
391151,Pop/Rock
391586,Pop/Rock
392856,Pop/Rock
392925,Country
394013,R&B;
394325,Jazz
395633,Pop/Rock
397156,Country
397794,Pop/Rock
398020,Religious
398892,Pop/Rock
398909,Jazz
399249,Jazz
399361,Pop/Rock
400717,Pop/Rock
402117,Pop/Rock
403784,Religious
404136,Pop/Rock
404529,Comedy/Spoken
404734,Pop/Rock
405113,Jazz
405494,Pop/Rock
405732,Pop/Rock
406589,Pop/Rock
407101,Pop/Rock
407331,R&B;
407942,New Age
408500,R&B;
409985,Country
411487,Jazz
412715,Latin
413405,Jazz
413853,Pop/Rock
418519,Jazz
419197,Electronic
422658,Pop/Rock
422891,R&B;
423467,R&B;
428329,Pop/Rock
428725,Pop/Rock
444140,Pop/Rock
447241,Pop/Rock
448144,Pop/Rock
448152,Pop/Rock
448207,Pop/Rock
450883,Pop/Rock
451398,Pop/Rock
453009,Pop/Rock
453908,Country
454240,Country
457692,Pop/Rock
459860,Pop/Rock
460553,Latin
461391,Pop/Rock
461698,Pop/Rock
463663,Electronic
464348,Pop/Rock
466442,Latin
471645,Pop/Rock
473652,Pop/Rock
473909,Pop/Rock
474150,Pop/Rock
475010,Pop/Rock
475511,Pop/Rock
475650,Pop/Rock
476248,Pop/Rock
476282,Pop/Rock
476425,Pop/Rock
476541,Pop/Rock
476558,Pop/Rock
476599,Reggae
476744,Pop/Rock
477787,Pop/Rock
477793,Pop/Rock
479204,R&B;
479772,Pop/Rock
480549,Pop/Rock
480984,Pop/Rock
481827,Country
483473,Pop/Rock
483563,Pop/Rock
484880,Country
484890,Pop/Rock
485118,Pop/Rock
485204,Pop/Rock
485689,R&B;
486115,Pop/Rock
486395,Pop/Rock
487357,Reggae
487614,Electronic
488394,Pop/Rock
489435,Pop/Rock
490805,Pop/Rock
491565,Pop/Rock
494016,Pop/Rock
494038,Pop/Rock
494774,Pop/Rock
495547,Pop/Rock
495702,R&B;
497277,Pop/Rock
498241,Pop/Rock
498484,Pop/Rock
499683,Jazz
499745,Electronic
499780,Latin
501537,Pop/Rock
501860,Pop/Rock
502198,Country
502269,Pop/Rock
503247,R&B;
507558,Latin
507955,Pop/Rock
507975,Jazz
510953,Pop/Rock
513813,Comedy/Spoken
515156,Folk
515600,R&B;
515641,Pop/Rock
515750,Religious
515790,Jazz
517796,Pop/Rock
518937,Electronic
519954,Stage & Screen
521564,Jazz
522430,Latin
524634,Electronic
529050,Pop/Rock
531653,Pop/Rock
532610,R&B;
533042,Latin
533503,Pop/Rock
533551,Pop/Rock
535892,Pop/Rock
536035,Country
536321,Pop/Rock
537414,Pop/Rock
538840,Latin
540742,Pop/Rock
540867,Pop/Rock
541760,Country
543169,Latin
544965,Pop/Rock
546205,Jazz
546735,Pop/Rock
546926,Pop/Rock
546976,Pop/Rock
548180,Pop/Rock
550940,Pop/Rock
551762,Pop/Rock
551872,Pop/Rock
554804,Country
556199,Pop/Rock
556292,Pop/Rock
557191,Pop/Rock
557905,Pop/Rock
559501,Jazz
559785,Pop/Rock
559927,R&B;
560554,Pop/Rock
561037,Pop/Rock
562105,Pop/Rock
562144,Pop/Rock
562615,Pop/Rock
563390,Pop/Rock
566138,Pop/Rock
566448,Country
566988,Pop/Rock
567153,Pop/Rock
567294,Pop/Rock
567769,Pop/Rock
567959,R&B;
569064,R&B;
570155,Pop/Rock
571258,Pop/Rock
571472,Reggae
572105,Religious
572327,Pop/Rock
572578,Pop/Rock
574035,Pop/Rock
576072,R&B;
577701,International
579037,Pop/Rock
579234,Country
581859,Pop/Rock
582419,Pop/Rock
582463,Pop/Rock
582629,Pop/Rock
583843,Pop/Rock
585210,Pop/Rock
585874,New Age
586319,Latin
588145,Electronic
588918,Country
589209,Jazz
589256,Jazz
589767,Pop/Rock
589802,R&B;
592161,Pop/Rock
593772,Pop/Rock
594113,Pop/Rock
594309,Pop/Rock
594765,Avant-Garde
595969,Latin
597269,Pop/Rock
597314,Pop/Rock
599777,R&B;
600264,Pop/Rock
600386,Electronic
600435,Pop/Rock
600720,Reggae
601697,Pop/Rock
603226,Pop/Rock
603980,Comedy/Spoken
604090,Electronic
604702,Pop/Rock
607105,Latin
612095,Pop/Rock
614830,Pop/Rock
615247,Pop/Rock
616664,Pop/Rock
616979,R&B;
617980,Pop/Rock
618589,Pop/Rock
618713,Pop/Rock
618726,Country
619460,Pop/Rock
620759,Pop/Rock
621112,R&B;
622277,R&B;
622604,R&B;
623443,Jazz
624107,Pop/Rock
624190,Pop/Rock
624282,Pop/Rock
625203,Pop/Rock
625731,Pop/Rock
626115,Religious
626310,Pop/Rock
626774,Pop/Rock
626939,Pop/Rock
627787,Country
628571,Latin
628912,Pop/Rock
630845,R&B;
631071,Jazz
631078,Country
631667,Pop/Rock
632233,Country
632986,Pop/Rock
633044,International
633080,Pop/Rock
633313,Pop/Rock
633358,R&B;
634463,Pop/Rock
635425,Pop/Rock
635760,Jazz
635930,Pop/Rock
636511,Pop/Rock
636841,Country
638603,Folk
638632,Electronic
638918,Jazz
638960,Vocal
640208,Pop/Rock
641111,Blues
642354,Reggae
643543,Pop/Rock
643682,Electronic
643755,Pop/Rock
644216,Comedy/Spoken
645956,Pop/Rock
646260,Country
647156,Pop/Rock
647246,Pop/Rock
650362,Pop/Rock
651848,Latin
651972,R&B;
652178,Pop/Rock
652192,Pop/Rock
656021,Pop/Rock
656541,Pop/Rock
657041,Pop/Rock
657062,Electronic
660155,Electronic
660244,Pop/Rock
662149,Jazz
662225,Pop/Rock
662545,R&B;
663255,Pop/Rock
664457,Pop/Rock
665824,Jazz
665945,Pop/Rock
666073,Electronic
666623,Pop/Rock
667657,Pop/Rock
667738,Pop/Rock
668222,Pop/Rock
669057,Country
669194,Pop/Rock
670273,Pop/Rock
671204,Pop/Rock
671452,Pop/Rock
672411,Pop/Rock
672835,Pop/Rock
672918,Latin
673082,Jazz
673883,Pop/Rock
674417,Comedy/Spoken
674749,Vocal
674937,Religious
675351,R&B;
675500,Pop/Rock
675728,Religious
675976,Pop/Rock
676313,R&B;
677089,Vocal
678098,Pop/Rock
678459,Blues
678650,Pop/Rock
678769,Pop/Rock
679749,Pop/Rock
683921,Reggae
684612,Jazz
686359,Pop/Rock
689836,Folk
689965,Blues
691616,Pop/Rock
694273,Pop/Rock
694325,Easy Listening
695943,Latin
697391,R&B;
701790,Religious
711954,Pop/Rock
716469,Pop/Rock
717234,Pop/Rock
721409,Pop/Rock
721416,Pop/Rock
722133,Pop/Rock
722448,Pop/Rock
723868,Pop/Rock
724598,Electronic
725175,Pop/Rock
726201,Pop/Rock
726942,Pop/Rock
727318,Pop/Rock
729857,R&B;
732652,Country
733717,R&B;
737969,Jazz
739713,Pop/Rock
739975,Pop/Rock
740569,Pop/Rock
741127,Pop/Rock
741512,Pop/Rock
741671,Latin
741692,R&B;
743623,Pop/Rock
743709,Pop/Rock
744736,International
746128,Pop/Rock
746409,Pop/Rock
746470,Pop/Rock
746707,R&B;
747028,Stage & Screen
747200,R&B;
747561,Electronic
747761,Pop/Rock
748827,Jazz
748933,Folk
749132,Pop/Rock
749335,Pop/Rock
750146,Stage & Screen
750895,Pop/Rock
751201,Latin
752022,Pop/Rock
752094,Pop/Rock
752150,Comedy/Spoken
752613,Pop/Rock
752812,Pop/Rock
753004,Jazz
753056,Pop/Rock
753098,Pop/Rock
753254,Pop/Rock
753570,Blues
753598,Reggae
753742,Pop/Rock
755030,Pop/Rock
756754,Pop/Rock
757093,R&B;
757251,Country
758402,Pop/Rock
758661,Stage & Screen
759187,R&B;
759454,Pop/Rock
759694,Jazz
760238,Pop/Rock
760417,Pop/Rock
760658,Pop/Rock
761109,Pop/Rock
762097,Pop/Rock
762496,Pop/Rock
762663,Pop/Rock
763670,Jazz
763747,Pop/Rock
763831,Country
765494,Jazz
765997,Latin
766354,Pop/Rock
766444,Pop/Rock
766557,Pop/Rock
767404,Jazz
767558,Pop/Rock
768241,Electronic
768367,Vocal
768455,Pop/Rock
768585,Pop/Rock
768737,Pop/Rock
769638,Vocal
770628,Country
770853,Country
771388,Pop/Rock
773063,Jazz
773615,Stage & Screen
773666,Pop/Rock
774227,Pop/Rock
774909,Blues
774983,New Age
775212,Classical
775254,Pop/Rock
775446,Pop/Rock
775494,R&B;
775588,Pop/Rock
775694,Pop/Rock
775850,Latin
775904,Pop/Rock
776406,Electronic
776408,Pop/Rock
777054,Vocal
777366,Electronic
777466,Pop/Rock
778526,Pop/Rock
778655,Pop/Rock
778925,Pop/Rock
778960,Pop/Rock
779146,Folk
779599,Pop/Rock
780955,Pop/Rock
781680,International
782297,Pop/Rock
782375,Pop/Rock
784010,Pop/Rock
784056,R&B;
784122,R&B;
784535,Pop/Rock
784597,Children's
784811,Pop/Rock
785500,Jazz
785817,R&B;
786126,Stage & Screen
787428,Pop/Rock
787579,Pop/Rock
788347,Pop/Rock
789055,Pop/Rock
789754,Electronic
790224,Latin
790496,Jazz
791308,R&B;
792190,R&B;
792348,R&B;
792839,R&B;
792852,Pop/Rock
793108,Pop/Rock
793913,Pop/Rock
794161,Pop/Rock
794257,Pop/Rock
794306,Pop/Rock
794401,Pop/Rock
794419,Blues
795053,R&B;
795271,Jazz
795288,Classical
795387,Blues
795905,International
797470,Jazz
798587,Pop/Rock
798751,Pop/Rock
800492,Stage & Screen
802048,R&B;
802382,Religious
803115,Pop/Rock
803469,Pop/Rock
803513,Pop/Rock
803533,Religious
804338,Pop/Rock
804516,Pop/Rock
804635,Pop/Rock
805225,Pop/Rock
805493,R&B;
806523,Blues
806601,Jazz
807181,Jazz
807294,Electronic
807361,R&B;
807428,Latin
808003,Country
808304,Pop/Rock
808388,Pop/Rock
808613,Jazz
808626,Children's
809900,Vocal
810166,Pop/Rock
810912,Pop/Rock
810996,Pop/Rock
811178,R&B;
812040,R&B;
812476,Pop/Rock
812741,Pop/Rock
812877,Pop/Rock
813910,Pop/Rock
814312,Pop/Rock
814530,Religious
815837,R&B;
816267,Classical
816844,Pop/Rock
818576,New Age
818627,Pop/Rock
820596,Pop/Rock
820780,Comedy/Spoken
821252,Country
821675,Pop/Rock
822913,Latin
823762,R&B;
824406,Pop/Rock
824879,Jazz
824895,Pop/Rock
825209,Pop/Rock
825793,Pop/Rock
826936,Pop/Rock
827224,Latin
827760,R&B;
827859,Electronic
828349,Latin
829717,Pop/Rock
830063,Jazz
830890,Folk
832833,Pop/Rock
833539,R&B;
833610,Comedy/Spoken
835085,R&B;
836103,Latin
836376,Latin
836737,International
837311,Pop/Rock
837328,International
837526,Pop/Rock
837886,Pop/Rock
838327,Pop/Rock
838847,Pop/Rock
838884,Religious
839037,Pop/Rock
839432,Pop/Rock
840348,Pop/Rock
840812,Pop/Rock
841160,Pop/Rock
841870,Pop/Rock
841881,R&B;
842379,Pop/Rock
842492,Jazz
844043,Pop/Rock
844440,Pop/Rock
845196,Jazz
845918,Pop/Rock
846671,Pop/Rock
847703,Pop/Rock
847756,Vocal
851205,Pop/Rock
851240,Pop/Rock
852656,Pop/Rock
852718,Pop/Rock
852970,Jazz
853254,Electronic
855034,Pop/Rock
855655,Latin
857887,Pop/Rock
858006,Pop/Rock
858788,Pop/Rock
859026,Latin
860985,Religious
860996,Country
861057,Pop/Rock
861600,Pop/Rock
862343,Pop/Rock
862761,Pop/Rock
862855,Pop/Rock
862902,New Age
865403,Pop/Rock
866767,Pop/Rock
866769,International
867307,Pop/Rock
867978,Pop/Rock
867980,Latin
868086,R&B;
868628,Pop/Rock
869364,R&B;
870646,Pop/Rock
870809,Religious
873085,Pop/Rock
882431,Pop/Rock
883069,Pop/Rock
883619,Pop/Rock
884251,Pop/Rock
884269,Pop/Rock
885138,Pop/Rock
885298,Vocal
885387,Pop/Rock
885569,Vocal
886648,Pop/Rock
887235,Pop/Rock
887990,Stage & Screen
888262,Pop/Rock
888394,R&B;
888942,Children's
889276,Jazz
890683,Latin
891911,R&B;
894930,Pop/Rock
895074,Pop/Rock
895365,Pop/Rock
896041,Country
896309,Latin
896600,Pop/Rock
897035,Pop/Rock
897382,Pop/Rock
907868,R&B;
911827,Pop/Rock
912566,Stage & Screen
914671,Comedy/Spoken
915816,Pop/Rock
915835,Pop/Rock
916783,Pop/Rock
918111,Pop/Rock
918140,Pop/Rock
919717,Pop/Rock
920004,Pop/Rock
920165,Pop/Rock
921024,Pop/Rock
921554,Religious
921888,Reggae
922301,Pop/Rock
922704,Pop/Rock
923208,Pop/Rock
923332,Pop/Rock
923497,Stage & Screen
924306,Pop/Rock
925635,R&B;
925636,Pop/Rock
926021,R&B;
926085,Pop/Rock
927278,New Age
929659,Pop/Rock
929673,Pop/Rock
930651,Electronic
931015,Pop/Rock
931869,Stage & Screen
932328,Pop/Rock
932922,R&B;
933621,Pop/Rock
933927,Pop/Rock
934305,Jazz
934367,Pop/Rock
934801,Pop/Rock
935117,Jazz
935413,Reggae
936009,R&B;
936126,R&B;
936521,Stage & Screen
937242,Jazz
937703,Folk
938337,Pop/Rock
938487,Reggae
938798,Pop/Rock
939033,Country
939871,Religious
940246,Pop/Rock
943649,Avant-Garde
944643,Stage & Screen
945245,Pop/Rock
945687,Comedy/Spoken
945711,Jazz
946940,R&B;
948080,Pop/Rock
948625,Pop/Rock
949025,Pop/Rock
949204,Pop/Rock
949579,Pop/Rock
949980,Pop/Rock
950777,Country
950805,Pop/Rock
951589,Pop/Rock
951825,Pop/Rock
952503,Pop/Rock
953102,Pop/Rock
954189,Pop/Rock
954322,Pop/Rock
954592,Pop/Rock
955700,Jazz
955773,Easy Listening
955936,Pop/Rock
956088,Pop/Rock
956675,Country
958087,Pop/Rock
958117,Jazz
958444,Pop/Rock
959490,Country
963992,Pop/Rock
977198,Pop/Rock
977209,Pop/Rock
978359,Pop/Rock
983872,Electronic
984877,Pop/Rock
985047,Pop/Rock
986573,Pop/Rock
986695,Pop/Rock
987643,Pop/Rock
988307,Pop/Rock
988448,Pop/Rock
989528,Pop/Rock
989540,Pop/Rock
992260,Electronic
992751,Electronic
992857,Pop/Rock
993302,Pop/Rock
993494,R&B;
996075,Pop/Rock
996096,Pop/Rock
996141,Pop/Rock
996795,Pop/Rock
997568,R&B;
997588,Pop/Rock
998969,Pop/Rock
999790,Electronic
1000302,Pop/Rock
1000558,Pop/Rock
1002017,Pop/Rock
1002889,Country
1003087,Pop/Rock
1003907,Pop/Rock
1006451,Pop/Rock
1011101,Pop/Rock
1011315,Electronic
1011504,Pop/Rock
1013037,Pop/Rock
1013109,Pop/Rock
1019495,Pop/Rock
1019633,Pop/Rock
1032216,R&B;
1032454,Pop/Rock
1036613,Comedy/Spoken
1038956,R&B;
1039555,Pop/Rock
1041338,Pop/Rock
1050323,Pop/Rock
1061166,Pop/Rock
1061368,R&B;
1061504,Country
1062118,Pop/Rock
1072783,Jazz
1084430,Pop/Rock
1098849,Avant-Garde
1176481,Pop/Rock
1194716,Pop/Rock
1213943,Pop/Rock
1232396,Pop/Rock
1273359,R&B;
1276114,Reggae
1352264,Classical
1379627,Country
1390230,Pop/Rock
1393036,Pop/Rock
1393658,Pop/Rock
1405469,Pop/Rock
1435165,Stage & Screen
1449541,Country
1451327,Pop/Rock
1453090,Comedy/Spoken
1456229,Country
1459978,Pop/Rock
1471849,Latin
1476233,Reggae
1482685,International
1502854,Pop/Rock
1528100,Pop/Rock
1545319,R&B;
1563731,Religious
1580437,Country
1583976,Pop/Rock
1585751,Pop/Rock
1590871,Pop/Rock
1591840,R&B;
1593570,Pop/Rock
1596642,Pop/Rock
1598199,Electronic
1619044,R&B;
1620705,Pop/Rock
1629657,Pop/Rock
1630569,Pop/Rock
1740826,Pop/Rock
1772438,Pop/Rock
1781875,Country
1784311,International
1814388,Pop/Rock
1836313,Pop/Rock
1944458,Religious
1957634,Pop/Rock
1960811,Pop/Rock
1968188,Pop/Rock
1971972,R&B;
1973181,Country
1984584,R&B;
1988927,Pop/Rock
2003453,Country
2010336,Pop/Rock
2014409,Pop/Rock
2016362,Electronic
2034242,R&B;
2035658,Pop/Rock
2036252,Electronic
2040645,Pop/Rock
2043318,Pop/Rock
2043528,Pop/Rock
2055729,Pop/Rock
2059306,R&B;
2060288,Pop/Rock
2061191,Country
2064609,Pop/Rock
2080238,Pop/Rock
2085875,Electronic
2089077,Pop/Rock
2113374,Pop/Rock
2114297,Religious
2115414,Pop/Rock
2118074,Pop/Rock
2120504,Religious
2128228,Pop/Rock
2129441,Pop/Rock
2133637,Pop/Rock
2135629,Pop/Rock
2136598,Pop/Rock
2138857,Pop/Rock
2139934,Pop/Rock
2142078,R&B;
2142940,Pop/Rock
2264745,Pop/Rock
2285572,Pop/Rock
2289986,Pop/Rock
2312742,Pop/Rock
2336424,Country
2363198,Pop/Rock
2366358,R&B;
2367865,Latin
2370408,Pop/Rock
2372262,Country
2373828,R&B;
2376287,Pop/Rock
2377304,Country
2393563,R&B;
2394289,Pop/Rock
2395521,Pop/Rock
2397707,Pop/Rock
2397826,Pop/Rock
2398414,Pop/Rock
2401289,R&B;
2406958,R&B;
2424073,R&B;
2424501,Electronic
2437431,Pop/Rock
2440425,Pop/Rock
2444397,R&B;
2455573,Pop/Rock
2468217,Country
2478029,Pop/Rock
2495841,Pop/Rock
2508103,Pop/Rock
2509942,Pop/Rock
2515882,Pop/Rock
2517403,R&B;
2517606,Pop/Rock
2518402,Electronic
2526137,Pop/Rock
2527840,Pop/Rock
2528416,Electronic
2532578,Electronic
2534053,Pop/Rock
2540309,R&B;
2564904,Country
2571020,Religious
2571333,Pop/Rock
2575506,Pop/Rock
2577357,Pop/Rock
2577980,Pop/Rock
2593754,Pop/Rock
2595668,Pop/Rock
2596970,Stage & Screen
2619843,R&B;
2620029,Pop/Rock
2640328,Electronic
2641312,Pop/Rock
2649123,Electronic
2660270,R&B;
2674420,Country
2681783,Pop/Rock
2684665,Pop/Rock
2690165,Country
2701931,Country
2702854,Country
2729330,Electronic
2732005,Pop/Rock
2739175,R&B;
2742344,Pop/Rock
2744416,Country
2754189,Pop/Rock
2759830,Pop/Rock
2775792,R&B;
2784799,Pop/Rock
2786685,Pop/Rock
2795282,Country
2795896,R&B;
2800003,Pop/Rock
2802154,Pop/Rock
2802487,Electronic
2806733,R&B;
2811293,Pop/Rock
2823663,R&B;
2824778,Pop/Rock
2825107,R&B;
2831504,Pop/Rock
2841398,Pop/Rock
2854537,Pop/Rock
2854547,Pop/Rock
2855520,Pop/Rock
2869578,Pop/Rock
2872922,Pop/Rock
2877943,Pop/Rock
2877945,Electronic
2895189,Easy Listening
2899881,Electronic
2921660,Pop/Rock
2923522,Pop/Rock
2939023,Pop/Rock
2940524,Pop/Rock
2942900,Country
2948162,Country
2986022,Pop/Rock
2991317,Pop/Rock
2995915,Pop/Rock
2996996,R&B;
2999777,Pop/Rock
3007613,Pop/Rock
3018423,Pop/Rock
3020237,Electronic
3043787,R&B;
3044549,Electronic
3045620,R&B;
3052730,Pop/Rock
3052733,R&B;
3061665,Pop/Rock
3064351,Pop/Rock
3065088,R&B;
3065843,Pop/Rock
3067310,Country
3068662,Electronic
3077599,R&B;
3085111,Pop/Rock
3088724,Pop/Rock
3101434,Pop/Rock
3102954,Pop/Rock
3103730,Pop/Rock
3105903,Electronic
3115003,Country
3117973,Pop/Rock
3120458,R&B;
3125793,R&B;
3139368,Pop/Rock
3144637,Pop/Rock
3145435,Pop/Rock
3145706,Pop/Rock
3145761,Pop/Rock
3145947,Pop/Rock
3153419,Pop/Rock
3158075,Pop/Rock
3171799,Pop/Rock
3172484,Pop/Rock
3178543,R&B;
3178979,Pop/Rock
3180014,R&B;
3185359,Pop/Rock
3188027,Pop/Rock
3190264,Pop/Rock
3200278,Pop/Rock
3200736,R&B;
3206669,Pop/Rock
3206766,Pop/Rock
3210853,Pop/Rock
3211361,Pop/Rock
3216219,Pop/Rock
3224219,Electronic
3226468,R&B;
3227782,R&B;
3236942,R&B;
3237096,Country
3239681,R&B;
3242655,R&B;
3256615,Country
3268224,R&B;
3271457,Electronic
3272048,Pop/Rock
3276902,Pop/Rock
3278115,Pop/Rock
3288126,Country
3306945,Electronic
3308665,Electronic
3313123,Pop/Rock
3314964,Electronic
3315236,Country
3316228,Pop/Rock
3319054,R&B;
3323342,Pop/Rock
3329291,Pop/Rock
3337670,Pop/Rock
3345212,Pop/Rock
3347207,Country
3359519,R&B;
3361526,Pop/Rock
3366296,Pop/Rock
3370668,Pop/Rock
3376900,Pop/Rock
3379291,Pop/Rock
3380137,R&B;
3381566,Country
3383741,Pop/Rock
3391646,Electronic
3391937,Pop/Rock
3392996,Pop/Rock
3393991,Pop/Rock
3397785,Country
3406269,R&B;
3407597,Pop/Rock
3408531,Pop/Rock
3410250,R&B;
3411865,Pop/Rock
3413218,Electronic
3415304,R&B;
3416601,R&B;
3416819,R&B;
3420473,R&B;
3426731,Pop/Rock
3427505,Pop/Rock
3435164,Pop/Rock
3441660,Pop/Rock
3445208,Pop/Rock
3446629,Pop/Rock
3449693,Pop/Rock
3451786,Pop/Rock
3455720,Country
3455945,Country
3460695,Pop/Rock
3462371,Country
3462822,Pop/Rock
3462983,Pop/Rock
3469567,Pop/Rock
3474187,Pop/Rock
3474579,Pop/Rock
3475903,Pop/Rock
3477547,Pop/Rock
3480388,Latin
3486253,Country
3506278,R&B;
3511314,R&B;
3513172,Country
3523590,Electronic
3535210,R&B;
3539434,Country
3559122,R&B;
3567510,Country
3606027,R&B;
3632715,Pop/Rock
3637248,Pop/Rock
3639618,Pop/Rock
3659356,Pop/Rock
3661296,Electronic
3661738,Pop/Rock
3670556,R&B;
